,kind,etag,id,publishedAt,channelId,title,description,thumbnails,channelTitle,categoryId,liveBroadcastContent,localized,defaultAudioLanguage,tags,defaultLanguage,duration,dimension,definition,caption,licensedContent,contentRating,projection,viewCount,likeCount,favoriteCount,commentCount
0,youtube#video,GF_6DDr1WQKw_vKveybInWTmxVE,6pQVhPBrfbw,2020-04-24T19:09:35Z,UC5aEedPor2ARJeqhfynSx8g,인수분해1,https://mathjk.tistory.com,"{'default': {'url': 'https://i.ytimg.com/vi/6pQVhPBrfbw/default.jpg', 'width': 120, 'height': 90}, 'medium': {'url': 'https://i.ytimg.com/vi/6pQVhPBrfbw/mqdefault.jpg', 'width': 320, 'height': 180}, 'high': {'url': 'https://i.ytimg.com/vi/6pQVhPBrfbw/hqdefault.jpg', 'width': 480, 'height': 360}, 'standard': {'url': 'https://i.ytimg.com/vi/6pQVhPBrfbw/sddefault.jpg', 'width': 640, 'height': 480}, 'maxres': {'url': 'https://i.ytimg.com/vi/6pQVhPBrfbw/maxresdefault.jpg', 'width': 1280, 'height': 720}}",수악중독,27,none,"{'title': '인수분해1', 'description': 'https://mathjk.tistory.com'}",ko,,,PT26M27S,2d,hd,false,True,{},rectangular,139214,2524,0,252
1,youtube#video,WrRIOoKBkYIHpPcPl8QcGBRVoUM,GJwTce0alZo,2021-10-12T08:45:01Z,UCkxbPwdaV74Erdxt97Nt23w,"[인수분해] 대한민국 원탑 강사 '정승제'에 홀딱 반한 홍진경(수포자필독,eng) [공부왕찐천재]","그 동안 일차방정식에서 
헤어나오질 못했던 저희에게 
한줄기 빛이 되어 주신 
정승제 선생님께 
진심으로 감사의 말씀 올립니다
자주 만나요 승제쌤 ^^

#홍진경 #정승제 #공부왕찐천재","{'default': {'url': 'https://i.ytimg.com/vi/GJwTce0alZo/default.jpg', 'width': 120, 'height': 90}, 'medium': {'url': 'https://i.ytimg.com/vi/GJwTce0alZo/mqdefault.jpg', 'width': 320, 'height': 180}, 'high': {'url': 'https://i.ytimg.com/vi/GJwTce0alZo/hqdefault.jpg', 'width': 480, 'height': 360}, 'standard': {'url': 'https://i.ytimg.com/vi/GJwTce0alZo/sddefault.jpg', 'width': 640, 'height': 480}, 'maxres': {'url': 'https://i.ytimg.com/vi/GJwTce0alZo/maxresdefault.jpg', 'width': 1280, 'height': 720}}",공부왕찐천재 홍진경,24,none,"{'title': ""[인수분해] 대한민국 원탑 강사 '정승제'에 홀딱 반한 홍진경(수포자필독,eng) [공부왕찐천재]"", 'description': '그 동안 일차방정식에서 \n헤어나오질 못했던 저희에게 \n한줄기 빛이 되어 주신 \n정승제 선생님께 \n진심으로 감사의 말씀 올립니다\n자주 만나요 승제쌤 ^^\n\n#홍진경 #정승제 #공부왕찐천재'}",ko,"['홍진경', '홍진경채널', '홍진경 유튜브', '공부왕찐천재 홍진경', '공부왕찐천재', '정승제', '승제튜브', '정승제사생팬', '인강', '수학 인강', '일타강사', '수학 일타', '정승제 강의', '정승제 수학', '인수분해', '이차방정식', '다항식', '단항식', '완전제곱식', '이차함수', '중3 수학', '중학수학', '정승제 쓴소리', '정승제 개그', '소인수분해', '이투스', 'ebs', '수포자', '수학 꿀팁', '정승제 트로트', '정승제 미스터트롯', '어화둥둥', '정승제 노래', '차수', '수능', '수능 수학', '1등급', '선행학습', '중3', '중학교 3학년', '정승제 중학교', '정승제 홍진경', '인강 강사', '생선님', '정승제 생선님', '개념때려잡기', '정승제 개때잡', '개때잡', '이기상', '현우진', '이지영', '한석원', '정승제 드르륵', '수꼭필', '기출끝', '50일 수학', '수능에 꼭 필요한 수학', '홍진경 정승제', '홍진경 인강', '홍진경 수학', '김라엘', '라엘이', '홍진경 딸', '정승제 사생', '손주은 홍진경', '홍진경 엘리하이', '홍진경 메가스터디', '이투스 정승제', 'EBS 정승제 수업', '정승제 모의고사']",,PT25M20S,2d,hd,true,True,{},rectangular,3222452,50110,0,2856
2,youtube#video,7dLmQTwp1cvWymZgRbpjbx8fFuo,3ywAbuz0cMI,2022-12-14T08:01:09Z,UCDkTanNuZGwYtf-Y6_xBmqw,인수분해 I 정승제의 고1 수학 개념 끝장내기 I 고1을 위한 개념강의,"정승제 선생님의 끝장나는 수학 개념 강의에서 개념만 모아모아✨✨
방황하는 예비 고1? 개념공부가 필요한 학생? 모두 승제 쌤에게로 오라 🚩
수학개념이 필요한 그대들의 수학공부에 불을 지펴주리라🔥🔥🔥

📐이 과목 공부를 아예 처음 시작하는 수강생 강좌
📐중학교 개념부터 정리가 필요한 기초 부족 수강생 강좌
📐개념 학습이 필요한 수강생 강좌

[정승제의 고1 수학 개념 끝장내기] 강의가 궁금하다면 ▶ https://c11.kr/18bto
EBSi 국가대표 고교 강의 ▶ http://www.ebsi.co.kr

#EBSI #수학 #수학1 #고1 #예비고1 #수학개념 #수학개념강의 #정승제 #다항식 #다항식덧셈 #다항식곱셈 #인수분해 #방학공부

폰트 : 김정철_손글씨체,(주)정림건축종합건축사무소, 한국저작권위원회, OFL","{'default': {'url': 'https://i.ytimg.com/vi/3ywAbuz0cMI/default.jpg', 'width': 120, 'height': 90}, 'medium': {'url': 'https://i.ytimg.com/vi/3ywAbuz0cMI/mqdefault.jpg', 'width': 320, 'height': 180}, 'high': {'url': 'https://i.ytimg.com/vi/3ywAbuz0cMI/hqdefault.jpg', 'width': 480, 'height': 360}, 'standard': {'url': 'https://i.ytimg.com/vi/3ywAbuz0cMI/sddefault.jpg', 'width': 640, 'height': 480}, 'maxres': {'url': 'https://i.ytimg.com/vi/3ywAbuz0cMI/maxresdefault.jpg', 'width': 1280, 'height': 720}}",EBSi ,27,none,"{'title': '인수분해 I 정승제의 고1 수학 개념 끝장내기 I 고1을 위한 개념강의', 'description': '정승제 선생님의 끝장나는 수학 개념 강의에서 개념만 모아모아✨✨\n방황하는 예비 고1? 개념공부가 필요한 학생? 모두 승제 쌤에게로 오라 🚩\n수학개념이 필요한 그대들의 수학공부에 불을 지펴주리라🔥🔥🔥\n\n📐이 과목 공부를 아예 처음 시작하는 수강생 강좌\n📐중학교 개념부터 정리가 필요한 기초 부족 수강생 강좌\n📐개념 학습이 필요한 수강생 강좌\n\n[정승제의 고1 수학 개념 끝장내기] 강의가 궁금하다면 ▶ https://c11.kr/18bto\nEBSi 국가대표 고교 강의 ▶ http://www.ebsi.co.kr\n\n#EBSI #수학 #수학1 #고1 #예비고1 #수학개념 #수학개념강의 #정승제 #다항식 #다항식덧셈 #다항식곱셈 #인수분해 #방학공부\n\n폰트 : 김정철_손글씨체,(주)정림건축종합건축사무소, 한국저작권위원회, OFL'}",ko,"['EBS', 'EBSi', 'EBSi고교강의', 'EBSi 고교강의', '수능', '내신', '만점', '등급', '1등급', '등급컷', '고1', '고2', '고3', '예비고1', '예비고2', '예비고3', 'studywithme', 'voca', '영어', '국어', '수학', '영어단어', '영단어', '수능연계', '수능연계기출', '수능연계단어', '단어암기', '암기', '공부', '공부법', '공부방법', '특강', '대입', '2022수능', '2022대입', '2023대입', '대입설명회', '입시', '대학입시', '학습법', '인강', '독학', '인강강사', '고등학교', '고등학생', '학력평가', '모의평가', '모의고사', '대학수학능력시험']",,PT14M3S,2d,hd,false,True,{},rectangular,44578,582,0,40
3,youtube#video,DTrHrBMFny0mkfawsxKuPKXxNhs,S1DO792UPiQ,2020-01-11T00:00:04Z,UCCq9w9rG51vZxWPxLNB04mQ,[EBS 수학의 답] 다항식의 인수분해 - 1. 공통인수를 이용한 인수분해,"중학 수학은 어렵고 답답하다? 그 고민, EBS 수학의 답으로 시~원하게 타파! 
① 중학 수학의 기본 개념, 빈출 유형, 증명의 해답! 
② 수학을 잘하고 싶은 모든 학생들에게 최고의 샘들이 ‘콕 짚어주는’ 성적 향상의 절대 비법! ③ 짧다! 꼭 필요한 것만 있다! EBS 수학 족집게 짤강 
④ 필요할 때 찾아보고! 한꺼번에 몰아보고! EBS 수학의 답으로 수학 실력 완성! 
자신있습니다! 안 보면 나만 손해! 지금 바로 클릭★


더 많은 ★수학의 답★이 궁금하다면? ▶ http://bit.ly/2m390sK
EBS 중학과 함께 언제 어디서나 열공! ▶ https://mid.ebs.co.kr/
EBS 교재로 내 공부실력을 UP↑ UP↑ ▶ http://bit.ly/2m432rz

#손석민 #수학잘하는법 #수학_고민_해결책_EBS_수학의답","{'default': {'url': 'https://i.ytimg.com/vi/S1DO792UPiQ/default.jpg', 'width': 120, 'height': 90}, 'medium': {'url': 'https://i.ytimg.com/vi/S1DO792UPiQ/mqdefault.jpg', 'width': 320, 'height': 180}, 'high': {'url': 'https://i.ytimg.com/vi/S1DO792UPiQ/hqdefault.jpg', 'width': 480, 'height': 360}, 'standard': {'url': 'https://i.ytimg.com/vi/S1DO792UPiQ/sddefault.jpg', 'width': 640, 'height': 480}, 'maxres': {'url': 'https://i.ytimg.com/vi/S1DO792UPiQ/maxresdefault.jpg', 'width': 1280, 'height': 720}}",EBS Learning,27,none,"{'title': '[EBS 수학의 답] 다항식의 인수분해 - 1. 공통인수를 이용한 인수분해', 'description': '중학 수학은 어렵고 답답하다? 그 고민, EBS 수학의 답으로 시~원하게 타파! \n① 중학 수학의 기본 개념, 빈출 유형, 증명의 해답! \n② 수학을 잘하고 싶은 모든 학생들에게 최고의 샘들이 ‘콕 짚어주는’ 성적 향상의 절대 비법! ③ 짧다! 꼭 필요한 것만 있다! EBS 수학 족집게 짤강 \n④ 필요할 때 찾아보고! 한꺼번에 몰아보고! EBS 수학의 답으로 수학 실력 완성! \n자신있습니다! 안 보면 나만 손해! 지금 바로 클릭★\n\n\n더 많은 ★수학의 답★이 궁금하다면? ▶ http://bit.ly/2m390sK\nEBS 중학과 함께 언제 어디서나 열공! ▶ https://mid.ebs.co.kr/\nEBS 교재로 내 공부실력을 UP↑ UP↑ ▶ http://bit.ly/2m432rz\n\n#손석민 #수학잘하는법 #수학_고민_해결책_EBS_수학의답'}",ko,"['EBS', 'EBS learning', 'EBS 교육', '수능', '시험', '수학의답', '중학수학', '이지연', '손석민', '짤강', '수학공부법', '수학잘하는법', '내신완성', '중간고사', '기말고사', '수학개념', '개념정리', '빈출유형', '유형정리', '수답중3', '449']",,PT7M53S,2d,hd,false,True,{},rectangular,32276,277,0,0
4,youtube#video,pUSt5ndtSkTGRCbC3wtfP2U3es4,LAQI9Kjiwkc,2020-02-14T11:03:42Z,UCudGH0bl44LtLfbj-YdTxvA,중3-1수학 [16강] 인수와 인수분해,"중3-1수학 [16강] 인수와 인수분해

이 강의는 교재에 구애받지 않는 강의입니다.
강의를 듣고 본인이 가지고 있는 교재로 해당범위의 문제를 꼭 풀어보세요. 

재생목록을 누르면 학년별 순서대로 강의를 들을 수 있습니다.

비지니스 관련 문의: nanjyeda@naver.com","{'default': {'url': 'https://i.ytimg.com/vi/LAQI9Kjiwkc/default.jpg', 'width': 120, 'height': 90}, 'medium': {'url': 'https://i.ytimg.com/vi/LAQI9Kjiwkc/mqdefault.jpg', 'width': 320, 'height': 180}, 'high': {'url': 'https://i.ytimg.com/vi/LAQI9Kjiwkc/hqdefault.jpg', 'width': 480, 'height': 360}, 'standard': {'url': 'https://i.ytimg.com/vi/LAQI9Kjiwkc/sddefault.jpg', 'width': 640, 'height': 480}, 'maxres': {'url': 'https://i.ytimg.com/vi/LAQI9Kjiwkc/maxresdefault.jpg', 'width': 1280, 'height': 720}}",수학 맛집,22,none,"{'title': '중3-1수학 [16강] 인수와 인수분해', 'description': '중3-1수학 [16강] 인수와 인수분해\n\n이 강의는 교재에 구애받지 않는 강의입니다.\n강의를 듣고 본인이 가지고 있는 교재로 해당범위의 문제를 꼭 풀어보세요. \n\n재생목록을 누르면 학년별 순서대로 강의를 들을 수 있습니다.\n\n비지니스 관련 문의: nanjyeda@naver.com'}",,"['중3수학', '제곱근', '인수', '인수분해', '중등수학', '수학인강', '합차공식', '곱셈공식', '곱셈공식변형', '주예지', '현우진', '주예지선생님', '현우진선생님', '이지영', '이지영선생님', '메가스터디', '엠베스트', '수박씨닷컴', '스카이에듀', '대성마이맥', '이투스', '강성태', '공신', '공신강성태', '공부', '수학공부', '수학노트', '빡공시대', '집중력', '집중력높이는방법', '수학 잘하는 방법', '수학공부 하는 방법', '무리수와 실수', '무리수', '실수', '은지영선생님', '루트', '근호', '유리수', '무료인강', '중3-1수학', '중3-1', '제곱근의성질', '제곱근의뜻과표현', '은쌤', '강성태공신', '수학공부법', '수학잘하는방법']",,PT12M6S,2d,hd,false,True,{},rectangular,170876,2350,0,190
5,youtube#video,2ravQurUjHbA9wO_loVXNEEdr4E,eT2gs_L8jxA,2023-02-23T11:15:03Z,UCufMvGtKg2hoTs0h1Ti5cxg,"10개 이상의 인수분해 공식 외우지 말고 이 영상부터 보세요 | 응용, 적용이 쉬워집니다.","초등학생 나누기를 통한 인수분해, 나머지 정리 개념 확장

놀면서❤️수학만점~ 인공지능수학 깨봉!
#인수분해 #나머지정리 #깨봉수학 #초등수학
[깨봉수학 바로가기] ▶ http://bit.ly/41n8Tre
[조봉한 박사 섭외문의] ▶ https://bit.ly/3S5icYg
[깨봉 유튜브 구독하기] ▶ https://bit.ly/36blgM9
[카카오톡 상담하기] ▶ https://bit.ly/3dgDA7F","{'default': {'url': 'https://i.ytimg.com/vi/eT2gs_L8jxA/default.jpg', 'width': 120, 'height': 90}, 'medium': {'url': 'https://i.ytimg.com/vi/eT2gs_L8jxA/mqdefault.jpg', 'width': 320, 'height': 180}, 'high': {'url': 'https://i.ytimg.com/vi/eT2gs_L8jxA/hqdefault.jpg', 'width': 480, 'height': 360}, 'standard': {'url': 'https://i.ytimg.com/vi/eT2gs_L8jxA/sddefault.jpg', 'width': 640, 'height': 480}, 'maxres': {'url': 'https://i.ytimg.com/vi/eT2gs_L8jxA/maxresdefault.jpg', 'width': 1280, 'height': 720}}",인공지능수학 깨봉,27,none,"{'title': '10개 이상의 인수분해 공식 외우지 말고 이 영상부터 보세요 | 응용, 적용이 쉬워집니다.', 'description': '초등학생 나누기를 통한 인수분해, 나머지 정리 개념 확장\n\n놀면서❤️수학만점~ 인공지능수학 깨봉!\n#인수분해 #나머지정리 #깨봉수학 #초등수학\n[깨봉수학 바로가기] ▶ http://bit.ly/41n8Tre\n[조봉한 박사 섭외문의] ▶ https://bit.ly/3S5icYg\n[깨봉 유튜브 구독하기] ▶ https://bit.ly/36blgM9\n[카카오톡 상담하기] ▶ https://bit.ly/3dgDA7F'}",ko,"['깨봉', '수학', '인공지능수학', '조봉한', '인공지능', '깨봉수학', '초등수학', '인수분해', '나머지정릭', '인수분해공식', '음수나누기', '나누기', '사칙연산', '초등인수분해']",,PT10M18S,2d,hd,false,True,{},rectangular,28684,549,0,41
6,youtube#video,YIZpzjpQudR1oaSVGb7N_nVpPpU,6AV1IBd5e4M,2022-10-31T04:30:02Z,UCIeGcgo2NLHwYV5_NHuOwgg,신박한 만능 인수분해법. 학교에서 안 가르쳐 줌. 낚시 아님!,"1️⃣2️⃣ Math 구독하기 👍 :  http://bit.ly/3Pw2NOG
1️⃣2️⃣ Math 회원가입 👍👍 : http://bit.ly/3kiw8BM

만능 인수분해법","{'default': {'url': 'https://i.ytimg.com/vi/6AV1IBd5e4M/default.jpg', 'width': 120, 'height': 90}, 'medium': {'url': 'https://i.ytimg.com/vi/6AV1IBd5e4M/mqdefault.jpg', 'width': 320, 'height': 180}, 'high': {'url': 'https://i.ytimg.com/vi/6AV1IBd5e4M/hqdefault.jpg', 'width': 480, 'height': 360}, 'standard': {'url': 'https://i.ytimg.com/vi/6AV1IBd5e4M/sddefault.jpg', 'width': 640, 'height': 480}, 'maxres': {'url': 'https://i.ytimg.com/vi/6AV1IBd5e4M/maxresdefault.jpg', 'width': 1280, 'height': 720}}",12 Math,27,none,"{'title': '신박한 만능 인수분해법. 학교에서 안 가르쳐 줌. 낚시 아님!', 'description': '1️⃣2️⃣ Math 구독하기 👍 :  http://bit.ly/3Pw2NOG\n1️⃣2️⃣ Math 회원가입 👍👍 : http://bit.ly/3kiw8BM\n\n만능 인수분해법'}",ko,"['Mathematics', '수학', 'yt:cc=on', '근의 공식']",,PT12M1S,2d,hd,true,True,{},rectangular,1319889,44906,0,1779
7,youtube#video,RDmv3taXAewTLJrWJy06zBuSBFg,MOfaIwK9I4A,2022-02-08T15:58:52Z,UClCODN4NM_hMsKOg86k3CUw,"[중3수학] 인수분해란 무엇이고, 인수란 무엇인가? / 인수와 인수분해 뜻","중학수학/ 인수분해 뜻을 정확히 알아보자!

#인수분해  #인수와인수분해","{'default': {'url': 'https://i.ytimg.com/vi/MOfaIwK9I4A/default.jpg', 'width': 120, 'height': 90}, 'medium': {'url': 'https://i.ytimg.com/vi/MOfaIwK9I4A/mqdefault.jpg', 'width': 320, 'height': 180}, 'high': {'url': 'https://i.ytimg.com/vi/MOfaIwK9I4A/hqdefault.jpg', 'width': 480, 'height': 360}, 'standard': {'url': 'https://i.ytimg.com/vi/MOfaIwK9I4A/sddefault.jpg', 'width': 640, 'height': 480}, 'maxres': {'url': 'https://i.ytimg.com/vi/MOfaIwK9I4A/maxresdefault.jpg', 'width': 1280, 'height': 720}}",해바라기 중학수학,27,none,"{'title': '[중3수학] 인수분해란 무엇이고, 인수란 무엇인가? / 인수와 인수분해 뜻', 'description': '중학수학/ 인수분해 뜻을 정확히 알아보자!\n\n#인수분해  #인수와인수분해'}",zxx,"['인수분해뜻', '인수란', '인수와인수분해', '중학수학', '수학교사']",,PT6M2S,2d,hd,false,True,{},rectangular,9088,87,0,9
8,youtube#video,KOnLhLMHUjkSDw3vxSQfIVOCx7k,Fgm5umQsHxM,2023-05-16T11:00:09Z,UCDkTanNuZGwYtf-Y6_xBmqw,※13분 순삭※ 인수분해의 세계에 오신 걸 환영합니다 I 완포자를 위한 정승제의 수학개념,"마침내, 이해됐다! '인수분해'

#ebsi #정승제 #인수분해 #수포자
#생선님 #수학개념

정승제 선생님의 끝장나는 수학 개념 강의에서 개념만 모아모아✨✨
방황하는 예비 고1? 개념공부가 필요한 학생? 모두 승제 쌤에게로 오라 🚩
수학개념이 필요한 그대들의 수학공부에 불을 지펴주리라🔥🔥🔥

📐이 과목 공부를 아예 처음 시작하는 수강생 강좌
📐중학교 개념부터 정리가 필요한 기초 부족 수강생 강좌
📐개념 학습이 필요한 수강생 강좌

[정승제의 고1 수학 개념 끝장내기] 강의가 궁금하다면 ▶ https://c11.kr/18bto
EBSi 국가대표 고교 강의 ▶ http://www.ebsi.co.kr","{'default': {'url': 'https://i.ytimg.com/vi/Fgm5umQsHxM/default.jpg', 'width': 120, 'height': 90}, 'medium': {'url': 'https://i.ytimg.com/vi/Fgm5umQsHxM/mqdefault.jpg', 'width': 320, 'height': 180}, 'high': {'url': 'https://i.ytimg.com/vi/Fgm5umQsHxM/hqdefault.jpg', 'width': 480, 'height': 360}, 'standard': {'url': 'https://i.ytimg.com/vi/Fgm5umQsHxM/sddefault.jpg', 'width': 640, 'height': 480}, 'maxres': {'url': 'https://i.ytimg.com/vi/Fgm5umQsHxM/maxresdefault.jpg', 'width': 1280, 'height': 720}}",EBSi ,27,none,"{'title': '※13분 순삭※ 인수분해의 세계에 오신 걸 환영합니다 I 완포자를 위한 정승제의 수학개념', 'description': ""마침내, 이해됐다! '인수분해'\n\n#ebsi #정승제 #인수분해 #수포자\n#생선님 #수학개념\n\n정승제 선생님의 끝장나는 수학 개념 강의에서 개념만 모아모아✨✨\n방황하는 예비 고1? 개념공부가 필요한 학생? 모두 승제 쌤에게로 오라 🚩\n수학개념이 필요한 그대들의 수학공부에 불을 지펴주리라🔥🔥🔥\n\n📐이 과목 공부를 아예 처음 시작하는 수강생 강좌\n📐중학교 개념부터 정리가 필요한 기초 부족 수강생 강좌\n📐개념 학습이 필요한 수강생 강좌\n\n[정승제의 고1 수학 개념 끝장내기] 강의가 궁금하다면 ▶ https://c11.kr/18bto\nEBSi 국가대표 고교 강의 ▶ http://www.ebsi.co.kr""}",ko,"['EBS', 'EBSi', 'EBSi고교강의', 'EBSi 고교강의', '수능', '내신', '만점', '등급', '1등급', '등급컷', '고1', '고2', '고3', '예비고1', '예비고2', '예비고3', 'studywithme', 'voca', '영어', '국어', '수학', '영어단어', '영단어', '수능연계', '수능연계기출', '수능연계단어', '단어암기', '암기', '공부', '공부법', '공부방법', '특강', '대입', '2022수능', '2022대입', '2023대입', '대입설명회', '입시', '대학입시', '학습법', '인강', '독학', '인강강사', '고등학교', '고등학생', '학력평가', '모의평가', '모의고사', '대학수학능력시험', '인수분해', '생선', '공부왕 찐천재']",,PT13M37S,2d,hd,false,True,{},rectangular,2635,61,0,9
9,youtube#video,HiTpUlOlH_nXaLblea0Jjy1_Mq8,mMpM48Es-sg,2020-01-15T00:30:02Z,UCCq9w9rG51vZxWPxLNB04mQ,[EBS 수학의 답] 다항식의 인수분해 - 2. 인수분해공식(1)-완전제곱식,"중학 수학은 어렵고 답답하다? 그 고민, EBS 수학의 답으로 시~원하게 타파! 
① 중학 수학의 기본 개념, 빈출 유형, 증명의 해답! 
② 수학을 잘하고 싶은 모든 학생들에게 최고의 샘들이 ‘콕 짚어주는’ 성적 향상의 절대 비법! ③ 짧다! 꼭 필요한 것만 있다! EBS 수학 족집게 짤강 
④ 필요할 때 찾아보고! 한꺼번에 몰아보고! EBS 수학의 답으로 수학 실력 완성! 
자신있습니다! 안 보면 나만 손해! 지금 바로 클릭★


더 많은 ★수학의 답★이 궁금하다면? ▶ http://bit.ly/2m390sK
EBS 중학과 함께 언제 어디서나 열공! ▶ https://mid.ebs.co.kr/
EBS 교재로 내 공부실력을 UP↑ UP↑ ▶ http://bit.ly/2m432rz

#손석민 #수학잘하는법 #수학_고민_해결책_EBS_수학의답","{'default': {'url': 'https://i.ytimg.com/vi/mMpM48Es-sg/default.jpg', 'width': 120, 'height': 90}, 'medium': {'url': 'https://i.ytimg.com/vi/mMpM48Es-sg/mqdefault.jpg', 'width': 320, 'height': 180}, 'high': {'url': 'https://i.ytimg.com/vi/mMpM48Es-sg/hqdefault.jpg', 'width': 480, 'height': 360}, 'standard': {'url': 'https://i.ytimg.com/vi/mMpM48Es-sg/sddefault.jpg', 'width': 640, 'height': 480}, 'maxres': {'url': 'https://i.ytimg.com/vi/mMpM48Es-sg/maxresdefault.jpg', 'width': 1280, 'height': 720}}",EBS Learning,27,none,"{'title': '[EBS 수학의 답] 다항식의 인수분해 - 2. 인수분해공식(1)-완전제곱식', 'description': '중학 수학은 어렵고 답답하다? 그 고민, EBS 수학의 답으로 시~원하게 타파! \n① 중학 수학의 기본 개념, 빈출 유형, 증명의 해답! \n② 수학을 잘하고 싶은 모든 학생들에게 최고의 샘들이 ‘콕 짚어주는’ 성적 향상의 절대 비법! ③ 짧다! 꼭 필요한 것만 있다! EBS 수학 족집게 짤강 \n④ 필요할 때 찾아보고! 한꺼번에 몰아보고! EBS 수학의 답으로 수학 실력 완성! \n자신있습니다! 안 보면 나만 손해! 지금 바로 클릭★\n\n\n더 많은 ★수학의 답★이 궁금하다면? ▶ http://bit.ly/2m390sK\nEBS 중학과 함께 언제 어디서나 열공! ▶ https://mid.ebs.co.kr/\nEBS 교재로 내 공부실력을 UP↑ UP↑ ▶ http://bit.ly/2m432rz\n\n#손석민 #수학잘하는법 #수학_고민_해결책_EBS_수학의답'}",ko,"['EBS', 'EBS learning', 'EBS 교육', '수능', '시험', '수학의답', '중학수학', '이지연', '손석민', '짤강', '수학공부법', '수학잘하는법', '내신완성', '중간고사', '기말고사', '수학개념', '개념정리', '빈출유형', '유형정리', '수답중3', '450']",,PT7M50S,2d,hd,false,True,{},rectangular,56877,834,0,0
10,youtube#video,BjZSlsycgxL7RrvpCkYzwDINwJw,VOVtsFrMzYk,2019-12-07T09:39:03Z,UCFEiYwDnD5p5pXdNrgOqd9A,인수분해 / 인수분해공식 / 곱셈공식 / 세 번째 시간 / 고1수학 (고등수학상),"알고리즘성남학원의 예비고1 과 고1들을 위한
고등수학 개념강의 세 번째 시간입니다.

오늘은 인수분해 시간입니다.

인수분해를 하는 7가지 방법에 대하여
배워보도록 하겠습니다.

영상시청 후 궁금하신 부분은 댓글로 남겨주시면 감사하겠습니다.

수학, 누구나 잘 할 수 있습니다.

- 알고리즘 진카



알고리즘학원 홈페이지
httP://algorithm.or.kr

알고리즘성남학원 블로그
https://algosn.blog.me","{'default': {'url': 'https://i.ytimg.com/vi/VOVtsFrMzYk/default.jpg', 'width': 120, 'height': 90}, 'medium': {'url': 'https://i.ytimg.com/vi/VOVtsFrMzYk/mqdefault.jpg', 'width': 320, 'height': 180}, 'high': {'url': 'https://i.ytimg.com/vi/VOVtsFrMzYk/hqdefault.jpg', 'width': 480, 'height': 360}, 'standard': {'url': 'https://i.ytimg.com/vi/VOVtsFrMzYk/sddefault.jpg', 'width': 640, 'height': 480}, 'maxres': {'url': 'https://i.ytimg.com/vi/VOVtsFrMzYk/maxresdefault.jpg', 'width': 1280, 'height': 720}}",classlive,27,none,"{'title': '인수분해 / 인수분해공식 / 곱셈공식 / 세 번째 시간 / 고1수학 (고등수학상)', 'description': '알고리즘성남학원의 예비고1 과 고1들을 위한\r\n고등수학 개념강의 세 번째 시간입니다.\r\n\n오늘은 인수분해 시간입니다.\r\n\n인수분해를 하는 7가지 방법에 대하여\n배워보도록 하겠습니다.\r\n\n영상시청 후 궁금하신 부분은 댓글로 남겨주시면 감사하겠습니다.\r\n\n수학, 누구나 잘 할 수 있습니다.\r\n\n- 알고리즘 진카\r\n\n\r\n\n알고리즘학원 홈페이지\nhttP://algorithm.or.kr\r\n\n알고리즘성남학원 블로그\nhttps://algosn.blog.me'}",,"['다항식의연산', '인수분해', '인수분해공식', '조립제법', '내림차순정리', '치환정리', '곱셈공식거꾸로']",,PT29M11S,2d,hd,false,True,{},rectangular,79007,1342,0,90
11,youtube#video,PogMvDGNU6OrW9sIVhEx6sLLtNs,fBOAz97b4HM,2022-04-05T02:00:07Z,UCWqHm4u7junEcXkNKy6WEgw,중3(상) 인수분해part1- 인수분해의 시작! 가장 기본에 대해 알아보자!!,"안녕하세요. 여러분^^
오늘은 쪄니쌤이 인수분해 강의를 준비했는데요.
인수분해는 설명할 것이 많아서 강의를 나눴습니다.
그 중 오늘 배울 첫 번째는 인수분해 기초입니다.
이 기초가 가장 중요하기도 한데요^^
그럼 오늘도 화이팅하세요. 여러분^^ 

[목차]
00:00 인트로
00:32 인수분해, 인수란
04:09 인수분해 방법(1.공통인수)
09:06 인수분해 방법(2.공식- 완전제곱식)
19:22 완전제곱식이 될 조건
25:10 인수분해 방법(2.공식- 합차공식)
27:31 인수분해 방법(3.지그재그 방법)

[쪄니쌤 구독하기]
https://www.youtube.com/channel/UCWqHm4u7junEcXkNKy6WEgw?sub_confirmation=1

#중3수학 #인수분해 #완전제곱식성립조건","{'default': {'url': 'https://i.ytimg.com/vi/fBOAz97b4HM/default.jpg', 'width': 120, 'height': 90}, 'medium': {'url': 'https://i.ytimg.com/vi/fBOAz97b4HM/mqdefault.jpg', 'width': 320, 'height': 180}, 'high': {'url': 'https://i.ytimg.com/vi/fBOAz97b4HM/hqdefault.jpg', 'width': 480, 'height': 360}, 'standard': {'url': 'https://i.ytimg.com/vi/fBOAz97b4HM/sddefault.jpg', 'width': 640, 'height': 480}, 'maxres': {'url': 'https://i.ytimg.com/vi/fBOAz97b4HM/maxresdefault.jpg', 'width': 1280, 'height': 720}}",쪄니쌤의 수학교실,27,none,"{'title': '중3(상) 인수분해part1- 인수분해의 시작! 가장 기본에 대해 알아보자!!', 'description': '안녕하세요. 여러분^^\n오늘은 쪄니쌤이 인수분해 강의를 준비했는데요.\n인수분해는 설명할 것이 많아서 강의를 나눴습니다.\n그 중 오늘 배울 첫 번째는 인수분해 기초입니다.\n이 기초가 가장 중요하기도 한데요^^\n그럼 오늘도 화이팅하세요. 여러분^^ \n\n[목차]\n00:00 인트로\n00:32 인수분해, 인수란\n04:09 인수분해 방법(1.공통인수)\n09:06 인수분해 방법(2.공식- 완전제곱식)\n19:22 완전제곱식이 될 조건\n25:10 인수분해 방법(2.공식- 합차공식)\n27:31 인수분해 방법(3.지그재그 방법)\n\n[쪄니쌤 구독하기]\nhttps://www.youtube.com/channel/UCWqHm4u7junEcXkNKy6WEgw?sub_confirmation=1\n\n#중3수학 #인수분해 #완전제곱식성립조건'}",ko,"['중등수학', '중3수학', '중등수학강의', '중등수학인강', '중3수학인강', '무료인강', '무료수학인강', '무료수학강의', '유튜브수학', '수학강사', '미녀강사', '족집게인강강사', '인수분해', '완전제곱식', '합차공식', '이차식인수분해', '완전제곱식이될조건', '완전제곱식성립조건', '인수', '쪄니쌤', '쪄니쌤의수학교실', '수학독학', '독학수학']",,PT39M4S,2d,hd,false,True,{},rectangular,5391,128,0,22
12,youtube#video,P-bRyncWy4VwODor7--awXnpPHY,CSmYRGM-900,2020-11-13T09:46:26Z,UCXQ5zAqIFOohc0SJO1j17Ow,10강_인수분해(1),,"{'default': {'url': 'https://i.ytimg.com/vi/CSmYRGM-900/default.jpg', 'width': 120, 'height': 90}, 'medium': {'url': 'https://i.ytimg.com/vi/CSmYRGM-900/mqdefault.jpg', 'width': 320, 'height': 180}, 'high': {'url': 'https://i.ytimg.com/vi/CSmYRGM-900/hqdefault.jpg', 'width': 480, 'height': 360}, 'standard': {'url': 'https://i.ytimg.com/vi/CSmYRGM-900/sddefault.jpg', 'width': 640, 'height': 480}, 'maxres': {'url': 'https://i.ytimg.com/vi/CSmYRGM-900/maxresdefault.jpg', 'width': 1280, 'height': 720}}",EBSi임재석쌤,22,none,"{'title': '10강_인수분해(1)', 'description': ''}",,,,PT13M46S,2d,hd,false,False,{},rectangular,10552,147,0,4
13,youtube#video,qAVYjPm4iZZJ7s90k3V_-4JHXJo,F16lLSu7bFA,2022-10-17T08:03:41Z,UC1jZ7bGGynBNTTZnsA53cnA,[중등] 중3-1. 인수분해_ 하나의 다항식을 2개 이상의 인수의 곱으로 나타내는 것을 인수분해라고 합니다. #shorts #maths #중등수학 #인수분해 #수학,,"{'default': {'url': 'https://i.ytimg.com/vi/F16lLSu7bFA/default.jpg', 'width': 120, 'height': 90}, 'medium': {'url': 'https://i.ytimg.com/vi/F16lLSu7bFA/mqdefault.jpg', 'width': 320, 'height': 180}, 'high': {'url': 'https://i.ytimg.com/vi/F16lLSu7bFA/hqdefault.jpg', 'width': 480, 'height': 360}, 'standard': {'url': 'https://i.ytimg.com/vi/F16lLSu7bFA/sddefault.jpg', 'width': 640, 'height': 480}, 'maxres': {'url': 'https://i.ytimg.com/vi/F16lLSu7bFA/maxresdefault.jpg', 'width': 1280, 'height': 720}}",매일수학💯,27,none,"{'title': '[중등] 중3-1. 인수분해_ 하나의 다항식을 2개 이상의 인수의 곱으로 나타내는 것을 인수분해라고 합니다. #shorts #maths #중등수학 #인수분해 #수학', 'description': ''}",,,,PT35S,2d,hd,false,False,{},rectangular,21544,591,0,31
14,youtube#video,27Na8Ia0rlCt0L9ZAfkZiX8XDxo,Ao3QUFMTSyk,2020-02-15T00:30:01Z,UCCq9w9rG51vZxWPxLNB04mQ,[EBS 수학의 답] 다항식의 인수분해 - 11. 항이 4개인 다항식의 인수분해,"중학 수학은 어렵고 답답하다? 그 고민, EBS 수학의 답으로 시~원하게 타파! 
① 중학 수학의 기본 개념, 빈출 유형, 증명의 해답! 
② 수학을 잘하고 싶은 모든 학생들에게 최고의 샘들이 ‘콕 짚어주는’ 성적 향상의 절대 비법! ③ 짧다! 꼭 필요한 것만 있다! EBS 수학 족집게 짤강 
④ 필요할 때 찾아보고! 한꺼번에 몰아보고! EBS 수학의 답으로 수학 실력 완성! 
자신있습니다! 안 보면 나만 손해! 지금 바로 클릭★


더 많은 ★수학의 답★이 궁금하다면? ▶ http://bit.ly/2m390sK
EBS 중학과 함께 언제 어디서나 열공! ▶ https://mid.ebs.co.kr/
EBS 교재로 내 공부실력을 UP↑ UP↑ ▶ http://bit.ly/2m432rz

#손석민 #수학잘하는법 #수학_고민_해결책_EBS_수학의답","{'default': {'url': 'https://i.ytimg.com/vi/Ao3QUFMTSyk/default.jpg', 'width': 120, 'height': 90}, 'medium': {'url': 'https://i.ytimg.com/vi/Ao3QUFMTSyk/mqdefault.jpg', 'width': 320, 'height': 180}, 'high': {'url': 'https://i.ytimg.com/vi/Ao3QUFMTSyk/hqdefault.jpg', 'width': 480, 'height': 360}, 'standard': {'url': 'https://i.ytimg.com/vi/Ao3QUFMTSyk/sddefault.jpg', 'width': 640, 'height': 480}, 'maxres': {'url': 'https://i.ytimg.com/vi/Ao3QUFMTSyk/maxresdefault.jpg', 'width': 1280, 'height': 720}}",EBS Learning,27,none,"{'title': '[EBS 수학의 답] 다항식의 인수분해 - 11. 항이 4개인 다항식의 인수분해', 'description': '중학 수학은 어렵고 답답하다? 그 고민, EBS 수학의 답으로 시~원하게 타파! \n① 중학 수학의 기본 개념, 빈출 유형, 증명의 해답! \n② 수학을 잘하고 싶은 모든 학생들에게 최고의 샘들이 ‘콕 짚어주는’ 성적 향상의 절대 비법! ③ 짧다! 꼭 필요한 것만 있다! EBS 수학 족집게 짤강 \n④ 필요할 때 찾아보고! 한꺼번에 몰아보고! EBS 수학의 답으로 수학 실력 완성! \n자신있습니다! 안 보면 나만 손해! 지금 바로 클릭★\n\n\n더 많은 ★수학의 답★이 궁금하다면? ▶ http://bit.ly/2m390sK\nEBS 중학과 함께 언제 어디서나 열공! ▶ https://mid.ebs.co.kr/\nEBS 교재로 내 공부실력을 UP↑ UP↑ ▶ http://bit.ly/2m432rz\n\n#손석민 #수학잘하는법 #수학_고민_해결책_EBS_수학의답'}",ko,"['EBS', 'EBS learning', 'EBS 교육', '수능', '시험', '수학의답', '중학수학', '이지연', '손석민', '짤강', '수학공부법', '수학잘하는법', '내신완성', '중간고사', '기말고사', '수학개념', '개념정리', '빈출유형', '유형정리', '수답중3', '459']",,PT6M37S,2d,hd,false,True,{},rectangular,25637,492,0,38
15,youtube#video,Rn_uhMTCgzxonQrtfIS2BVYmk7U,hxaJmoX1TLo,2021-10-20T09:15:01Z,UCkxbPwdaV74Erdxt97Nt23w,"[이차방정식] 뇌에 쏙쏙 박히는 정승제 수업에 감격한 홍진경(레전드,eng) [공부왕찐천재]","저 홍진경! 이제 이차방정식 푸는 여자입니다
만재님들~ 이제 인정 좀 해주세요~ ^^
저의 45년 한을 풀어주신 승제쌤~
다시 한번 감사드립니다!

#홍진경 #정승제 #공부왕찐천재","{'default': {'url': 'https://i.ytimg.com/vi/hxaJmoX1TLo/default.jpg', 'width': 120, 'height': 90}, 'medium': {'url': 'https://i.ytimg.com/vi/hxaJmoX1TLo/mqdefault.jpg', 'width': 320, 'height': 180}, 'high': {'url': 'https://i.ytimg.com/vi/hxaJmoX1TLo/hqdefault.jpg', 'width': 480, 'height': 360}, 'standard': {'url': 'https://i.ytimg.com/vi/hxaJmoX1TLo/sddefault.jpg', 'width': 640, 'height': 480}, 'maxres': {'url': 'https://i.ytimg.com/vi/hxaJmoX1TLo/maxresdefault.jpg', 'width': 1280, 'height': 720}}",공부왕찐천재 홍진경,24,none,"{'title': '[이차방정식] 뇌에 쏙쏙 박히는 정승제 수업에 감격한 홍진경(레전드,eng) [공부왕찐천재]', 'description': '저 홍진경! 이제 이차방정식 푸는 여자입니다\n만재님들~ 이제 인정 좀 해주세요~ ^^\n저의 45년 한을 풀어주신 승제쌤~\n다시 한번 감사드립니다!\n\n#홍진경 #정승제 #공부왕찐천재'}",ko,"['홍진경', '홍진경채널', '홍진경 유튜브', '공부왕찐천재 홍진경', '공부왕찐천재', '정승제', '승제튜브', '정승제사생팬', '인강', '수학 인강', '일타강사', '수학 일타', '정승제 강의', '정승제 수학', '인수분해', '이차방정식', '다항식', '단항식', '완전제곱식', '이차함수', '중3 수학', '중학수학', '정승제 쓴소리', '정승제 개그', '소인수분해', '이투스', 'ebs', '수포자', '수학 꿀팁', '정승제 트로트', '정승제 미스터트롯', '어화둥둥', '정승제 노래', '차수', '수능', '수능 수학', '1등급', '선행학습', '중3', '중학교 3학년', '정승제 중학교', '정승제 홍진경', '인강 강사', '생선님', '정승제 생선님', '개념때려잡기', '정승제 개때잡', '개때잡', '이기상', '현우진', '이지영', '한석원', '정승제 드르륵', '수꼭필', '기출끝', '50일 수학', '수능에 꼭 필요한 수학', '홍진경 정승제', '홍진경 인강', '홍진경 수학', '김라엘', '라엘이', '홍진경 딸', '정승제 사생', '손주은 홍진경', '홍진경 엘리하이', '홍진경 메가스터디', '이투스 정승제', 'EBS 정승제 수업', '정승제 모의고사']",,PT18M38S,2d,hd,true,True,{},rectangular,656955,11603,0,766
16,youtube#video,ASuw0UJZaSjNLEYbvruTY6Tddtg,IiimDUHGlEA,2020-01-24T14:18:42Z,UCmTfcCiq4M77TL2lV6f3Wuw,[우프 중3수학] R60 - R69 - 고급 인수분해 문제  ( 교재 : 좋아요 아래쪽에 있습니다 ),"[문제 다운] http://www.cyberschool.co.kr/m3/m3R.pdf
[답과 풀이] http://www.cyberschool.co.kr/m3/m3Rdap.pdf
[중고 수학 개별 문제 보기 - 시간절약됨] http://sites.google.com/view/soohak
[전과목 전체 목록] http://www.cyberschool.co.kr","{'default': {'url': 'https://i.ytimg.com/vi/IiimDUHGlEA/default.jpg', 'width': 120, 'height': 90}, 'medium': {'url': 'https://i.ytimg.com/vi/IiimDUHGlEA/mqdefault.jpg', 'width': 320, 'height': 180}, 'high': {'url': 'https://i.ytimg.com/vi/IiimDUHGlEA/hqdefault.jpg', 'width': 480, 'height': 360}, 'standard': {'url': 'https://i.ytimg.com/vi/IiimDUHGlEA/sddefault.jpg', 'width': 640, 'height': 480}}",우프 사이버스쿨,27,none,"{'title': '[우프 중3수학] R60 - R69 - 고급 인수분해 문제  ( 교재 : 좋아요 아래쪽에 있습니다 )', 'description': '[문제 다운] http://www.cyberschool.co.kr/m3/m3R.pdf\n[답과 풀이] http://www.cyberschool.co.kr/m3/m3Rdap.pdf\n[중고 수학 개별 문제 보기 - 시간절약됨] http://sites.google.com/view/soohak\n[전과목 전체 목록] http://www.cyberschool.co.kr'}",,"['증3수학', '중3수학 인수분해', '고급 인수분해', '어려운 인수분해']",,PT1H6M31S,2d,hd,false,True,{},rectangular,123336,1148,0,91
17,youtube#video,1VvEndhnP8Vr-bVGXa4xpE2DM_M,JLh9Kx1hhyk,2020-02-19T00:00:02Z,UCCq9w9rG51vZxWPxLNB04mQ,[EBS 수학의 답] 다항식의 인수분해 - 12. 항이 5개 이상인 다항식의 인수분해,"중학 수학은 어렵고 답답하다? 그 고민, EBS 수학의 답으로 시~원하게 타파! 
① 중학 수학의 기본 개념, 빈출 유형, 증명의 해답! 
② 수학을 잘하고 싶은 모든 학생들에게 최고의 샘들이 ‘콕 짚어주는’ 성적 향상의 절대 비법! ③ 짧다! 꼭 필요한 것만 있다! EBS 수학 족집게 짤강 
④ 필요할 때 찾아보고! 한꺼번에 몰아보고! EBS 수학의 답으로 수학 실력 완성! 
자신있습니다! 안 보면 나만 손해! 지금 바로 클릭★


더 많은 ★수학의 답★이 궁금하다면? ▶ http://bit.ly/2m390sK
EBS 중학과 함께 언제 어디서나 열공! ▶ https://mid.ebs.co.kr/
EBS 교재로 내 공부실력을 UP↑ UP↑ ▶ http://bit.ly/2m432rz

#손석민 #수학잘하는법 #수학_고민_해결책_EBS_수학의답","{'default': {'url': 'https://i.ytimg.com/vi/JLh9Kx1hhyk/default.jpg', 'width': 120, 'height': 90}, 'medium': {'url': 'https://i.ytimg.com/vi/JLh9Kx1hhyk/mqdefault.jpg', 'width': 320, 'height': 180}, 'high': {'url': 'https://i.ytimg.com/vi/JLh9Kx1hhyk/hqdefault.jpg', 'width': 480, 'height': 360}, 'standard': {'url': 'https://i.ytimg.com/vi/JLh9Kx1hhyk/sddefault.jpg', 'width': 640, 'height': 480}, 'maxres': {'url': 'https://i.ytimg.com/vi/JLh9Kx1hhyk/maxresdefault.jpg', 'width': 1280, 'height': 720}}",EBS Learning,27,none,"{'title': '[EBS 수학의 답] 다항식의 인수분해 - 12. 항이 5개 이상인 다항식의 인수분해', 'description': '중학 수학은 어렵고 답답하다? 그 고민, EBS 수학의 답으로 시~원하게 타파! \n① 중학 수학의 기본 개념, 빈출 유형, 증명의 해답! \n② 수학을 잘하고 싶은 모든 학생들에게 최고의 샘들이 ‘콕 짚어주는’ 성적 향상의 절대 비법! ③ 짧다! 꼭 필요한 것만 있다! EBS 수학 족집게 짤강 \n④ 필요할 때 찾아보고! 한꺼번에 몰아보고! EBS 수학의 답으로 수학 실력 완성! \n자신있습니다! 안 보면 나만 손해! 지금 바로 클릭★\n\n\n더 많은 ★수학의 답★이 궁금하다면? ▶ http://bit.ly/2m390sK\nEBS 중학과 함께 언제 어디서나 열공! ▶ https://mid.ebs.co.kr/\nEBS 교재로 내 공부실력을 UP↑ UP↑ ▶ http://bit.ly/2m432rz\n\n#손석민 #수학잘하는법 #수학_고민_해결책_EBS_수학의답'}",ko,"['EBS', 'EBS learning', 'EBS 교육', '수능', '시험', '수학의답', '중학수학', '이지연', '손석민', '짤강', '수학공부법', '수학잘하는법', '내신완성', '중간고사', '기말고사', '수학개념', '개념정리', '빈출유형', '유형정리', '수답중3', '460']",,PT7M21S,2d,hd,false,True,{},rectangular,33102,454,0,40
18,youtube#video,qQ_PK3izoGjHaYNw-0qENAO64EA,oA_DgoJqSu8,2020-01-25T01:00:04Z,UCCq9w9rG51vZxWPxLNB04mQ,[EBS 수학의 답] 다항식의 인수분해 - 5. 인수분해공식(3),"중학 수학은 어렵고 답답하다? 그 고민, EBS 수학의 답으로 시~원하게 타파! 
① 중학 수학의 기본 개념, 빈출 유형, 증명의 해답! 
② 수학을 잘하고 싶은 모든 학생들에게 최고의 샘들이 ‘콕 짚어주는’ 성적 향상의 절대 비법! ③ 짧다! 꼭 필요한 것만 있다! EBS 수학 족집게 짤강 
④ 필요할 때 찾아보고! 한꺼번에 몰아보고! EBS 수학의 답으로 수학 실력 완성! 
자신있습니다! 안 보면 나만 손해! 지금 바로 클릭★


더 많은 ★수학의 답★이 궁금하다면? ▶ http://bit.ly/2m390sK
EBS 중학과 함께 언제 어디서나 열공! ▶ https://mid.ebs.co.kr/
EBS 교재로 내 공부실력을 UP↑ UP↑ ▶ http://bit.ly/2m432rz

#손석민 #수학잘하는법 #수학_고민_해결책_EBS_수학의답","{'default': {'url': 'https://i.ytimg.com/vi/oA_DgoJqSu8/default.jpg', 'width': 120, 'height': 90}, 'medium': {'url': 'https://i.ytimg.com/vi/oA_DgoJqSu8/mqdefault.jpg', 'width': 320, 'height': 180}, 'high': {'url': 'https://i.ytimg.com/vi/oA_DgoJqSu8/hqdefault.jpg', 'width': 480, 'height': 360}, 'standard': {'url': 'https://i.ytimg.com/vi/oA_DgoJqSu8/sddefault.jpg', 'width': 640, 'height': 480}, 'maxres': {'url': 'https://i.ytimg.com/vi/oA_DgoJqSu8/maxresdefault.jpg', 'width': 1280, 'height': 720}}",EBS Learning,27,none,"{'title': '[EBS 수학의 답] 다항식의 인수분해 - 5. 인수분해공식(3)', 'description': '중학 수학은 어렵고 답답하다? 그 고민, EBS 수학의 답으로 시~원하게 타파! \n① 중학 수학의 기본 개념, 빈출 유형, 증명의 해답! \n② 수학을 잘하고 싶은 모든 학생들에게 최고의 샘들이 ‘콕 짚어주는’ 성적 향상의 절대 비법! ③ 짧다! 꼭 필요한 것만 있다! EBS 수학 족집게 짤강 \n④ 필요할 때 찾아보고! 한꺼번에 몰아보고! EBS 수학의 답으로 수학 실력 완성! \n자신있습니다! 안 보면 나만 손해! 지금 바로 클릭★\n\n\n더 많은 ★수학의 답★이 궁금하다면? ▶ http://bit.ly/2m390sK\nEBS 중학과 함께 언제 어디서나 열공! ▶ https://mid.ebs.co.kr/\nEBS 교재로 내 공부실력을 UP↑ UP↑ ▶ http://bit.ly/2m432rz\n\n#손석민 #수학잘하는법 #수학_고민_해결책_EBS_수학의답'}",ko,"['EBS', 'EBS learning', 'EBS 교육', '수능', '시험', '수학의답', '중학수학', '이지연', '손석민', '짤강', '수학공부법', '수학잘하는법', '내신완성', '중간고사', '기말고사', '수학개념', '개념정리', '빈출유형', '유형정리', '수답중3', '453']",,PT7M56S,2d,hd,false,True,{},rectangular,14301,135,0,6
19,youtube#video,ZtLfekOu1MhkJK2f5rV6sF4Nj30,ktWNA_zrB8s,2016-04-25T01:42:07Z,UC5aEedPor2ARJeqhfynSx8g,인수분해 2,http://mathjk.tistory.com,"{'default': {'url': 'https://i.ytimg.com/vi/ktWNA_zrB8s/default.jpg', 'width': 120, 'height': 90}, 'medium': {'url': 'https://i.ytimg.com/vi/ktWNA_zrB8s/mqdefault.jpg', 'width': 320, 'height': 180}, 'high': {'url': 'https://i.ytimg.com/vi/ktWNA_zrB8s/hqdefault.jpg', 'width': 480, 'height': 360}, 'standard': {'url': 'https://i.ytimg.com/vi/ktWNA_zrB8s/sddefault.jpg', 'width': 640, 'height': 480}, 'maxres': {'url': 'https://i.ytimg.com/vi/ktWNA_zrB8s/maxresdefault.jpg', 'width': 1280, 'height': 720}}",수악중독,27,none,"{'title': '인수분해 2', 'description': 'http://mathjk.tistory.com'}",,"['인수분해', '고차식의 인수분해', '인수분해 공식', '복이차식의 인수분해', '공통부분이 등장하는 식의 인숙분해']",,PT20M3S,2d,hd,false,True,{},rectangular,45382,566,0,72
20,youtube#video,bLfPEXOJJH2C3u-fVGHYZgqjASo,cwfLvTuBBnI,2023-01-08T15:20:32Z,UCmrqKbR88gw9_o5yo6GGoxQ,인수분해,,"{'default': {'url': 'https://i.ytimg.com/vi/cwfLvTuBBnI/default.jpg', 'width': 120, 'height': 90}, 'medium': {'url': 'https://i.ytimg.com/vi/cwfLvTuBBnI/mqdefault.jpg', 'width': 320, 'height': 180}, 'high': {'url': 'https://i.ytimg.com/vi/cwfLvTuBBnI/hqdefault.jpg', 'width': 480, 'height': 360}, 'standard': {'url': 'https://i.ytimg.com/vi/cwfLvTuBBnI/sddefault.jpg', 'width': 640, 'height': 480}, 'maxres': {'url': 'https://i.ytimg.com/vi/cwfLvTuBBnI/maxresdefault.jpg', 'width': 1280, 'height': 720}}",야무진수학,22,none,"{'title': '인수분해', 'description': ''}",,,,PT44S,2d,hd,false,False,{},rectangular,888,15,0,0
21,youtube#video,HSq0sO3gW0JnrNBYiD-24BwGHus,C6OrR8wpxk0,2022-01-08T03:00:04Z,UCkzbCw-4lXOl4Gf-AOrI_gw,인수분해를 빠르게 하려면 2가지만 확인하자!,"#수학 #인수분해 #스킬
대수론과 대수학에서, 인수분해(因數分解, factorization)는 주어진 정수 또는 다항식을 인수들의 곱셈 형식으로 만드는 것으로 전개와 상반된 개념입니다.
Script - https://rayc20.tistory.com/133

삼차방정식의 근의 공식은 삼차함수의 서로 다른 세 근을 찾을 수 있는 방법이 존재한다는데 의의가 있습니다. 사차방정식까지는 근의 공식이 존재하나 5차 이상의 방정식은 일반적인 근의 공식이 존재하지 않는다는 것이 아벨과 갈루아에 의해 증명되었습니다.

지롤라모 카르다노 (Girolamo Cardano, 1501~1576)는 이탈리아 파비아에서 태어난 수학자로 널리 알려져 있으나 본업은 의사였다. 아버지가 레오나르도 다 빈치의 친구였다고 한다. 삼차방정식의 근의 공식이야기가 유명하다. 타르탈리아가 먼저 삼차방정식의 근의 공식을 발견했는데 카르다노가 알려달라고 계속 쫓아다니자 근의 공식을 공개하지 않는다는 조건으로 공식을 알려주었으나 다음해 카르다노가 자신의 논문에 발표해버린다.(세상에 믿을새끼 하나도 없다) 눈뜨고 코베인 타르탈리아는 빡쳐서 삼차방정식 근의 공식의 저작권을 건 수학경기를 신청한다. 서로에게 문제를 내서 못푸는 사람이 지는 경기였는데 카르타노의 제자 루도비코 페라리가 삼차방정식의 해법을 이용해 사차방정식의 근의 공식도 구해내고 이를 통해 카르타노를 돕는다. 결과적으로 카르다노가 이기게 되고 삼차방정식의 근의공식은 카르다노 방법으로 불리게 된다. 삼차방정식의 근의 공식을 만들기 위해서는 오메가 즉 음수의 제곱근이 필요해서 허수의 개념을 처음으로 도입하게 된다. - https://youtu.be/f_kyq0vS4Ds?t=329","{'default': {'url': 'https://i.ytimg.com/vi/C6OrR8wpxk0/default.jpg', 'width': 120, 'height': 90}, 'medium': {'url': 'https://i.ytimg.com/vi/C6OrR8wpxk0/mqdefault.jpg', 'width': 320, 'height': 180}, 'high': {'url': 'https://i.ytimg.com/vi/C6OrR8wpxk0/hqdefault.jpg', 'width': 480, 'height': 360}, 'standard': {'url': 'https://i.ytimg.com/vi/C6OrR8wpxk0/sddefault.jpg', 'width': 640, 'height': 480}, 'maxres': {'url': 'https://i.ytimg.com/vi/C6OrR8wpxk0/maxresdefault.jpg', 'width': 1280, 'height': 720}}",Ray 수학,27,none,"{'title': '인수분해를 빠르게 하려면 2가지만 확인하자!', 'description': '#수학 #인수분해 #스킬\n대수론과 대수학에서, 인수분해(因數分解, factorization)는 주어진 정수 또는 다항식을 인수들의 곱셈 형식으로 만드는 것으로 전개와 상반된 개념입니다.\nScript - https://rayc20.tistory.com/133\n\n삼차방정식의 근의 공식은 삼차함수의 서로 다른 세 근을 찾을 수 있는 방법이 존재한다는데 의의가 있습니다. 사차방정식까지는 근의 공식이 존재하나 5차 이상의 방정식은 일반적인 근의 공식이 존재하지 않는다는 것이 아벨과 갈루아에 의해 증명되었습니다.\n\n지롤라모 카르다노 (Girolamo Cardano, 1501~1576)는 이탈리아 파비아에서 태어난 수학자로 널리 알려져 있으나 본업은 의사였다. 아버지가 레오나르도 다 빈치의 친구였다고 한다. 삼차방정식의 근의 공식이야기가 유명하다. 타르탈리아가 먼저 삼차방정식의 근의 공식을 발견했는데 카르다노가 알려달라고 계속 쫓아다니자 근의 공식을 공개하지 않는다는 조건으로 공식을 알려주었으나 다음해 카르다노가 자신의 논문에 발표해버린다.(세상에 믿을새끼 하나도 없다) 눈뜨고 코베인 타르탈리아는 빡쳐서 삼차방정식 근의 공식의 저작권을 건 수학경기를 신청한다. 서로에게 문제를 내서 못푸는 사람이 지는 경기였는데 카르타노의 제자 루도비코 페라리가 삼차방정식의 해법을 이용해 사차방정식의 근의 공식도 구해내고 이를 통해 카르타노를 돕는다. 결과적으로 카르다노가 이기게 되고 삼차방정식의 근의공식은 카르다노 방법으로 불리게 된다. 삼차방정식의 근의 공식을 만들기 위해서는 오메가 즉 음수의 제곱근이 필요해서 허수의 개념을 처음으로 도입하게 된다. - https://youtu.be/f_kyq0vS4Ds?t=329'}",ko,"['Shorts', '수학', '수행평가', 'math', 'ray', 'ray 수학', '전기', '전자', '데이터', '암호', '확률', '숫자', '이론', '게임', '분수', '생물', '기술', '화학', '계산', '방정식', '풀이', '규칙', '기능', '분석', '논리', '통계', '역학', '디지털', '가능성', '주제', '평가', '문제', '한계', '주기', '무한', '존재', '유일', '난제', '해답', '테스트', '코드', '모양', '과학', '컴퓨터', '시험', '교사', '선생님', '정석', '수능', '2021', '경제', '고1', '고2', '고3', '해법', 'ebs', '초등', '중등', '편입', '마플', '베다', 'ai', '학기', '교과서', '개념', '원리', '기초', '심화', '2022', '2023', '문제집', '모의고사', '평가원', '6월', '3월', '9월', '구몬', '지능', '인공지능', '특강', '특목고', '자사고', '과학고', '이과', '문과', '인도', '스토리', '레이', '레이수학', '물리', '기하', '미적분', '해석', '대수', '학원', '학교', '과목', '학생', '확통', '미적', '기출', '경시', 'KMO', '올림피아드', '재수', '서울', '수포자', '인강', '함수', '교육과정', '현우진', '우진', '윽건', '선택', '사고력', '생선']",,PT5M26S,2d,hd,true,True,{},rectangular,99139,1984,0,246
22,youtube#video,932DZqKh2iHTz-4U6BxXlzTPgX0,NSnRmfS8jc0,2021-04-16T09:26:05Z,UCKRRG2626OL24WJHUhOJlNg,"[차길영의 3초 풀이법] 인수분해🎀﻿""어? 예쁘다... 풀면 더 예쁠 거 같은데?"" ﻿(✿◡‿◡)","⭐프로듀스 X 듀오백 부스터 의자 제휴 기념 이벤트⭐
✅ 경품: 듀오백 부스터 의자 (3명)
✅ 기간: 23. 05.24 ~ 23.06.12
✅ 방법: 프로듀스 이벤트를 신청한다.
✅ 발표: 개별 공지 
===================================
📢 프로듀스 이벤트 신청하러 가기
➡️ https://bit.ly/40nE58L
===================================
⭐서울대 갈 의자 듀오백 부스터⭐
🔥너의 성적에 부스터를 달아줄게!🔥

수학싸부 영통점, 위례점, 미사점에서 부스터를 체험할 수 있습니다!

아래 링크를 통해 성적도 잡고! 자세도 잡는 듀오백 부스터 제품 확인해보세요! 💨
링크 : http://m.site.naver.com/19jyd 
===================================
수학을 잘하려면 수학 계획을 세우는 것이 중요해요~😘
세븐에듀 수학 연구원 쌤들이 수학 계획과 수학 고민을 해결해 드립니다.

⏳수학 열공단 (무료) 
➡️ https://bit.ly/3dUeuhR
===================================
서울대 합격생 190명이 강력 추천한 수학 올패스 
수능날까지 차길영 선생님의 모든 강좌 무제한 수강
🟨올패스 보러가기
➡️ https://bit.ly/3hpdm7M

*매 시험마다 기출 문제지 20회씩
한 학년 총 80회(약 2,000문제) 제공 
===================================
지금까지 이런 풀이법은 없었다. 
화제의 3초 풀이! 바로 그 강좌!
1년만 원한다면? 차길영패스를 신청하세요!
🟩차길영패스 보러가기
➡️https://bit.ly/3ee87pR
===================================
📢차길영 모의고사
https://bit.ly/3q8tsqX
더 이상의 차선책은 없다!
변화하는 최근 출제경향을 분석하여 모의고사와 수능을 
완벽대비할 수 있는 세븐에듀만의 모의고사 시리즈🌟
===================================
🎁고등수학은 역시 ☞ www.sevenedu.net/
🎁초·중등수학은 역시 ☞ www.sevenedum.net/ 
===================================
🌟Instagram
kilyoungcha: https://www.instagram.com/kilyoungcha_
sevenedu: https://www.instagram.com/sevenedu
===================================
🔎차길영쌤이 궁금하다?!
-서울대 190명, SKY 3,000명 이상을 배출한 스타강사
-SBS 영재발굴단, MBC 공부가 머니?, KBS 온드림스쿨
-tvN 어쩌다 어른, 나의 수학사춘기
-영국 BBC 방송 등에 출연해 수학전문가로 맹활약 중

#고등학교수학 #수학문제집추천 #고등수학인강 #세븐에듀 #차길영 #수학공부잘하는법 #고1수학 #고2수학 #고3수학 #고등수학시험 #수학문제집 #math #mathematics #الرياضيات #数学 #數學","{'default': {'url': 'https://i.ytimg.com/vi/NSnRmfS8jc0/default.jpg', 'width': 120, 'height': 90}, 'medium': {'url': 'https://i.ytimg.com/vi/NSnRmfS8jc0/mqdefault.jpg', 'width': 320, 'height': 180}, 'high': {'url': 'https://i.ytimg.com/vi/NSnRmfS8jc0/hqdefault.jpg', 'width': 480, 'height': 360}, 'standard': {'url': 'https://i.ytimg.com/vi/NSnRmfS8jc0/sddefault.jpg', 'width': 640, 'height': 480}, 'maxres': {'url': 'https://i.ytimg.com/vi/NSnRmfS8jc0/maxresdefault.jpg', 'width': 1280, 'height': 720}}",차길영의 세븐에듀,27,none,"{'title': '[차길영의 3초 풀이법] 인수분해🎀\ufeff""어? 예쁘다... 풀면 더 예쁠 거 같은데?"" \ufeff(✿◡‿◡)', 'description': '⭐프로듀스 X 듀오백 부스터 의자 제휴 기념 이벤트⭐\n✅ 경품: 듀오백 부스터 의자 (3명)\n✅ 기간: 23. 05.24 ~ 23.06.12\n✅ 방법: 프로듀스 이벤트를 신청한다.\n✅ 발표: 개별 공지 \n===================================\n📢 프로듀스 이벤트 신청하러 가기\n➡️ https://bit.ly/40nE58L\n===================================\n⭐서울대 갈 의자 듀오백 부스터⭐\n🔥너의 성적에 부스터를 달아줄게!🔥\n\n수학싸부 영통점, 위례점, 미사점에서 부스터를 체험할 수 있습니다!\n\n아래 링크를 통해 성적도 잡고! 자세도 잡는 듀오백 부스터 제품 확인해보세요! 💨\n링크 : http://m.site.naver.com/19jyd \n===================================\n수학을 잘하려면 수학 계획을 세우는 것이 중요해요~😘\n세븐에듀 수학 연구원 쌤들이 수학 계획과 수학 고민을 해결해 드립니다.\n\n⏳수학 열공단 (무료) \n➡️ https://bit.ly/3dUeuhR\n===================================\n서울대 합격생 190명이 강력 추천한 수학 올패스 \n수능날까지 차길영 선생님의 모든 강좌 무제한 수강\n🟨올패스 보러가기\n➡️ https://bit.ly/3hpdm7M\n\n*매 시험마다 기출 문제지 20회씩\n한 학년 총 80회(약 2,000문제) 제공 \n===================================\n지금까지 이런 풀이법은 없었다. \n화제의 3초 풀이! 바로 그 강좌!\n1년만 원한다면? 차길영패스를 신청하세요!\n🟩차길영패스 보러가기\n➡️https://bit.ly/3ee87pR\n===================================\n📢차길영 모의고사\nhttps://bit.ly/3q8tsqX\n더 이상의 차선책은 없다!\n변화하는 최근 출제경향을 분석하여 모의고사와 수능을 \n완벽대비할 수 있는 세븐에듀만의 모의고사 시리즈🌟\n===================================\n🎁고등수학은 역시 ☞ www.sevenedu.net/\n🎁초·중등수학은 역시 ☞ www.sevenedum.net/ \n===================================\n🌟Instagram\nkilyoungcha: https://www.instagram.com/kilyoungcha_\nsevenedu: https://www.instagram.com/sevenedu\n===================================\n🔎차길영쌤이 궁금하다?!\n-서울대 190명, SKY 3,000명 이상을 배출한 스타강사\n-SBS 영재발굴단, MBC 공부가 머니?, KBS 온드림스쿨\n-tvN 어쩌다 어른, 나의 수학사춘기\n-영국 BBC 방송 등에 출연해 수학전문가로 맹활약 중\n\n#고등학교수학 #수학문제집추천 #고등수학인강 #세븐에듀 #차길영 #수학공부잘하는법 #고1수학 #고2수학 #고3수학 #고등수학시험 #수학문제집 #math #mathematics #الرياضيات #数学 #數學'}",ko,"['인수분해', '중간고사', '고등학교중간고사', '중간고사수학시험', '수학시험', '수학예상문제', '고등학교수학문제', '고등수학문제집추천', '고등수학인강추천', '고등수학인강', '수학강의', '수학시험잘보는방법', '수학시험보는법', '수학공부잘하는방법', '수학공부법', '수학문풀', '중간고사수학예상문제', '수학빈출문제', '고1수학', '교대식', '세븐에듀', '차길영', '1학기중간고사수학', '수학내신등급', '수학내신성적올리기', '수학내신등급올리는법', '수학시험찍기', '수학찍는법']",,PT12M40S,2d,hd,false,False,{},rectangular,70206,1013,0,89
23,youtube#video,3m0s2mAvGEHJFms6duQgq7WuahE,xyTtGuIyZ6I,2023-04-27T08:02:49Z,UC7011LEejSIsINQkCqcmHcQ,[중3][고1][2초 풀이]인수분해공식을 이용#shorts,,"{'default': {'url': 'https://i.ytimg.com/vi/xyTtGuIyZ6I/default.jpg', 'width': 120, 'height': 90}, 'medium': {'url': 'https://i.ytimg.com/vi/xyTtGuIyZ6I/mqdefault.jpg', 'width': 320, 'height': 180}, 'high': {'url': 'https://i.ytimg.com/vi/xyTtGuIyZ6I/hqdefault.jpg', 'width': 480, 'height': 360}, 'standard': {'url': 'https://i.ytimg.com/vi/xyTtGuIyZ6I/sddefault.jpg', 'width': 640, 'height': 480}, 'maxres': {'url': 'https://i.ytimg.com/vi/xyTtGuIyZ6I/maxresdefault.jpg', 'width': 1280, 'height': 720}}",정기천 수학 [Jung gi cheon math],22,none,"{'title': '[중3][고1][2초 풀이]인수분해공식을 이용#shorts', 'description': ''}",,['#인수분해'],,PT16S,2d,hd,false,False,{},rectangular,331,6,0,1
24,youtube#video,wsvVGj1tPp13dNSQ1YdV8tutkrQ,ZDAO-ZzwZ9Q,2022-04-11T02:00:11Z,UCWqHm4u7junEcXkNKy6WEgw,중3(상) 인수분해 part2- 복잡한 식의 인수분해까지!! 완벽 마스터!!,"안녕하세요. 여러분^^ 쪄니쌤이에요.
오늘은 인수분해 part2 강의를 준비했습니다.
part1 강의는 인수분해의 가장 기본이었다면
part2 강의는 좀 더 복잡한 식을 인수분해 하는 방법입니다.
여러분 오늘도 화이팅!!!!!

[목차]
00:00 인트로
00:24 공통인수(적당한 항끼리 묶기)
06:33 공식(합차공식)
11:24 공식(완전제곱식)
17:00 내림차순
27:21 인수분해 공식 활용

[쪄니쌤 구독하기]
https://www.youtube.com/channel/UCWqHm4u7junEcXkNKy6WEgw?sub_confirmation=1

#중3수학 #인수분해 #내림차순","{'default': {'url': 'https://i.ytimg.com/vi/ZDAO-ZzwZ9Q/default.jpg', 'width': 120, 'height': 90}, 'medium': {'url': 'https://i.ytimg.com/vi/ZDAO-ZzwZ9Q/mqdefault.jpg', 'width': 320, 'height': 180}, 'high': {'url': 'https://i.ytimg.com/vi/ZDAO-ZzwZ9Q/hqdefault.jpg', 'width': 480, 'height': 360}, 'standard': {'url': 'https://i.ytimg.com/vi/ZDAO-ZzwZ9Q/sddefault.jpg', 'width': 640, 'height': 480}, 'maxres': {'url': 'https://i.ytimg.com/vi/ZDAO-ZzwZ9Q/maxresdefault.jpg', 'width': 1280, 'height': 720}}",쪄니쌤의 수학교실,27,none,"{'title': '중3(상) 인수분해 part2- 복잡한 식의 인수분해까지!! 완벽 마스터!!', 'description': '안녕하세요. 여러분^^ 쪄니쌤이에요.\n오늘은 인수분해 part2 강의를 준비했습니다.\npart1 강의는 인수분해의 가장 기본이었다면\npart2 강의는 좀 더 복잡한 식을 인수분해 하는 방법입니다.\n여러분 오늘도 화이팅!!!!!\n\n[목차]\n00:00 인트로\n00:24 공통인수(적당한 항끼리 묶기)\n06:33 공식(합차공식)\n11:24 공식(완전제곱식)\n17:00 내림차순\n27:21 인수분해 공식 활용\n\n[쪄니쌤 구독하기]\nhttps://www.youtube.com/channel/UCWqHm4u7junEcXkNKy6WEgw?sub_confirmation=1\n\n#중3수학 #인수분해 #내림차순'}",ko,"['중등수학', '중3수학', '중학교3학년수학', '수학독학', '중등수학강의', '수학무료강의', '중등수학무료강의', '족집게인강강사', '족집게인강', '인수분해', '공통인수', '합차공식', '완전제곱식', '내림차순', '인수분해공식활용', '치환', '쪄니쌤', '미녀강사', '수학강사', '쪄니쌤의수학교실', '독학수학', '복잡한식인수분해']",,PT31M,2d,hd,false,True,{},rectangular,3590,75,0,9
25,youtube#video,QvLpQZjWVgJyHplimMK-6HtUN1s,br2THdlWG0I,2023-02-22T06:04:06Z,UCBSVleHNPBmyAxCw7nAE7KA,인수분해 쉽게 가르쳐드릴께!,,"{'default': {'url': 'https://i.ytimg.com/vi/br2THdlWG0I/default.jpg', 'width': 120, 'height': 90}, 'medium': {'url': 'https://i.ytimg.com/vi/br2THdlWG0I/mqdefault.jpg', 'width': 320, 'height': 180}, 'high': {'url': 'https://i.ytimg.com/vi/br2THdlWG0I/hqdefault.jpg', 'width': 480, 'height': 360}, 'standard': {'url': 'https://i.ytimg.com/vi/br2THdlWG0I/sddefault.jpg', 'width': 640, 'height': 480}, 'maxres': {'url': 'https://i.ytimg.com/vi/br2THdlWG0I/maxresdefault.jpg', 'width': 1280, 'height': 720}}",하빠수학,22,none,"{'title': '인수분해 쉽게 가르쳐드릴께!', 'description': ''}",,,,PT39S,2d,hd,false,False,{},rectangular,452,7,0,0
26,youtube#video,7D_moPMSpBx6X90rMnhIKFKfv48,ZpHUEC5AC6c,2018-10-09T18:42:36Z,UC5aEedPor2ARJeqhfynSx8g,(고1) 수학-1-10 인수분해,http://mathjk.tistory.com,"{'default': {'url': 'https://i.ytimg.com/vi/ZpHUEC5AC6c/default.jpg', 'width': 120, 'height': 90}, 'medium': {'url': 'https://i.ytimg.com/vi/ZpHUEC5AC6c/mqdefault.jpg', 'width': 320, 'height': 180}, 'high': {'url': 'https://i.ytimg.com/vi/ZpHUEC5AC6c/hqdefault.jpg', 'width': 480, 'height': 360}, 'standard': {'url': 'https://i.ytimg.com/vi/ZpHUEC5AC6c/sddefault.jpg', 'width': 640, 'height': 480}, 'maxres': {'url': 'https://i.ytimg.com/vi/ZpHUEC5AC6c/maxresdefault.jpg', 'width': 1280, 'height': 720}}",수악중독,26,none,"{'title': '(고1) 수학-1-10 인수분해', 'description': 'http://mathjk.tistory.com'}",,"['인수분해', '인수분해 공식']",,PT16M12S,2d,hd,false,True,{},rectangular,50902,563,0,78
27,youtube#video,PRUzViNnDTEDvKH7hdU-83RpapM,lKxX0WCQ8gE,2019-09-04T00:24:23Z,UCDkTanNuZGwYtf-Y6_xBmqw,(개정) [고등예비과정] 수학 - 05강 인수분해 |50일 수학 정승제| EBSi 고교강의,"완벽한 개념과 지독한 연습이 만점을 만듭니다. #정승제 #수학인강추천#스타강사 
EBSi고교강의 유튜브 채널 구독하고 고등학교 수학 정리하세요!
EBS 고등예비과정 수학 강의와 교재정보 ▶http://bit.ly/2kzcPpe
EBSi 국가대표 고교 강의 ▶ http://www.ebsi.co.kr

강좌범위
01 다항식의 연산 
02 나머지정리 
03 인수분해 
04 복소수와 이차방정식 
05 이차방정식의 성질 
06 이차방정식과 이차함수 
07 여러 가지 방정식 
08 여러 가지 부등식 
09 평면좌표 
10 직선의 방정식 
11 원의 방정식 
12 도형의 이동 
13 집합(1) 
14 집합(2) 
15 명제(1) 
16 명제(2) 
17 함수 
18 합성함수와 역함수 
19 유리함수 
20 무리함수 
21 경우의 수","{'default': {'url': 'https://i.ytimg.com/vi/lKxX0WCQ8gE/default.jpg', 'width': 120, 'height': 90}, 'medium': {'url': 'https://i.ytimg.com/vi/lKxX0WCQ8gE/mqdefault.jpg', 'width': 320, 'height': 180}, 'high': {'url': 'https://i.ytimg.com/vi/lKxX0WCQ8gE/hqdefault.jpg', 'width': 480, 'height': 360}, 'standard': {'url': 'https://i.ytimg.com/vi/lKxX0WCQ8gE/sddefault.jpg', 'width': 640, 'height': 480}}",EBSi ,27,none,"{'title': '(개정) [고등예비과정] 수학 - 05강 인수분해 |50일 수학 정승제| EBSi 고교강의', 'description': '완벽한 개념과 지독한 연습이 만점을 만듭니다. #정승제 #수학인강추천#스타강사 \nEBSi고교강의 유튜브 채널 구독하고 고등학교 수학 정리하세요!\nEBS 고등예비과정 수학 강의와 교재정보 ▶http://bit.ly/2kzcPpe\nEBSi 국가대표 고교 강의 ▶ http://www.ebsi.co.kr\n\n강좌범위\n01 다항식의 연산 \n02 나머지정리 \n03 인수분해 \n04 복소수와 이차방정식 \n05 이차방정식의 성질 \n06 이차방정식과 이차함수 \n07 여러 가지 방정식 \n08 여러 가지 부등식 \n09 평면좌표 \n10 직선의 방정식 \n11 원의 방정식 \n12 도형의 이동 \n13 집합(1) \n14 집합(2) \n15 명제(1) \n16 명제(2) \n17 함수 \n18 합성함수와 역함수 \n19 유리함수 \n20 무리함수 \n21 경우의 수'}",ko,"['고3수학', '고등수학', '고교수학', '고교수학정리', '수학공부법', 'ebs 인강', '수학교재', '개정교육과정', 'EBSi', '고2수학', '정승제', '얄미운사람', '고교강의', '미스터트롯', '수학인강', 'EBS', '개정수학', '고1수학', '고3', '고2', '고1', '예비고1', '15년개정', 'ebs 수학', 'ebsi']",,PT46M10S,2d,hd,false,True,{},rectangular,83067,797,0,57
28,youtube#video,X60ageFy-Ad-4kNvycGO_ig4UP0,q4mRKS1n7pc,2020-02-26T00:00:13Z,UCCq9w9rG51vZxWPxLNB04mQ,[EBS 수학의 답] 다항식의 인수분해 - 14. 인수분해 공식을 이용한 식의 값 구하기,"중학 수학은 어렵고 답답하다? 그 고민, EBS 수학의 답으로 시~원하게 타파! 
① 중학 수학의 기본 개념, 빈출 유형, 증명의 해답! 
② 수학을 잘하고 싶은 모든 학생들에게 최고의 샘들이 ‘콕 짚어주는’ 성적 향상의 절대 비법! ③ 짧다! 꼭 필요한 것만 있다! EBS 수학 족집게 짤강 
④ 필요할 때 찾아보고! 한꺼번에 몰아보고! EBS 수학의 답으로 수학 실력 완성! 
자신있습니다! 안 보면 나만 손해! 지금 바로 클릭★


더 많은 ★수학의 답★이 궁금하다면? ▶ http://bit.ly/2m390sK
EBS 중학과 함께 언제 어디서나 열공! ▶ https://mid.ebs.co.kr/
EBS 교재로 내 공부실력을 UP↑ UP↑ ▶ http://bit.ly/2m432rz

#손석민 #수학잘하는법 #수학_고민_해결책_EBS_수학의답","{'default': {'url': 'https://i.ytimg.com/vi/q4mRKS1n7pc/default.jpg', 'width': 120, 'height': 90}, 'medium': {'url': 'https://i.ytimg.com/vi/q4mRKS1n7pc/mqdefault.jpg', 'width': 320, 'height': 180}, 'high': {'url': 'https://i.ytimg.com/vi/q4mRKS1n7pc/hqdefault.jpg', 'width': 480, 'height': 360}, 'standard': {'url': 'https://i.ytimg.com/vi/q4mRKS1n7pc/sddefault.jpg', 'width': 640, 'height': 480}, 'maxres': {'url': 'https://i.ytimg.com/vi/q4mRKS1n7pc/maxresdefault.jpg', 'width': 1280, 'height': 720}}",EBS Learning,27,none,"{'title': '[EBS 수학의 답] 다항식의 인수분해 - 14. 인수분해 공식을 이용한 식의 값 구하기', 'description': '중학 수학은 어렵고 답답하다? 그 고민, EBS 수학의 답으로 시~원하게 타파! \n① 중학 수학의 기본 개념, 빈출 유형, 증명의 해답! \n② 수학을 잘하고 싶은 모든 학생들에게 최고의 샘들이 ‘콕 짚어주는’ 성적 향상의 절대 비법! ③ 짧다! 꼭 필요한 것만 있다! EBS 수학 족집게 짤강 \n④ 필요할 때 찾아보고! 한꺼번에 몰아보고! EBS 수학의 답으로 수학 실력 완성! \n자신있습니다! 안 보면 나만 손해! 지금 바로 클릭★\n\n\n더 많은 ★수학의 답★이 궁금하다면? ▶ http://bit.ly/2m390sK\nEBS 중학과 함께 언제 어디서나 열공! ▶ https://mid.ebs.co.kr/\nEBS 교재로 내 공부실력을 UP↑ UP↑ ▶ http://bit.ly/2m432rz\n\n#손석민 #수학잘하는법 #수학_고민_해결책_EBS_수학의답'}",ko,"['EBS', 'EBS learning', 'EBS 교육', '수능', '시험', '수학의답', '중학수학', '이지연', '손석민', '짤강', '수학공부법', '수학잘하는법', '내신완성', '중간고사', '기말고사', '수학개념', '개념정리', '빈출유형', '유형정리', '수답중3', '462']",,PT4M10S,2d,hd,false,True,{},rectangular,7298,58,0,3
29,youtube#video,nTqT6kK_X5q9m4821GBFW-ed7Oc,XSQdJ9dPn8w,2022-11-01T07:12:26Z,UCAgFyrAQPisZaJbOAwzM6aw,마더텅 | 고등수학 3800제 수학(상) | 03. 인수분해 Step.1~2 (우수종 선생님),"교재 풀이 관련 질문은 아래 링크 Q&A게시판에 남겨주세요! 
▶Q&A 게시판: https://www.toptutor.co.kr/qna/index.jsp

풀이 동영상 강의 무료 제공!
내신 및 수능 1등급에 꼭 필요한 기출문제 정복 프로젝트!
기출문제집의 친절하고 자세한 해설에 동영상 강의를 더했다!

00:00 인수분해
04:43 인수분해 공식(1)
06:10 인수분해 공식(2)
07:36 문제풀이
11:37 복잡한 식의 인수분해(1)
12:10 문제풀이
18:40 복잡한 식의 인수분해(2)
22:00 문제풀이","{'default': {'url': 'https://i.ytimg.com/vi/XSQdJ9dPn8w/default.jpg', 'width': 120, 'height': 90}, 'medium': {'url': 'https://i.ytimg.com/vi/XSQdJ9dPn8w/mqdefault.jpg', 'width': 320, 'height': 180}, 'high': {'url': 'https://i.ytimg.com/vi/XSQdJ9dPn8w/hqdefault.jpg', 'width': 480, 'height': 360}, 'standard': {'url': 'https://i.ytimg.com/vi/XSQdJ9dPn8w/sddefault.jpg', 'width': 640, 'height': 480}, 'maxres': {'url': 'https://i.ytimg.com/vi/XSQdJ9dPn8w/maxresdefault.jpg', 'width': 1280, 'height': 720}}",마더텅 고등,27,none,"{'title': '마더텅 | 고등수학 3800제 수학(상) | 03. 인수분해 Step.1~2 (우수종 선생님)', 'description': '교재 풀이 관련 질문은 아래 링크 Q&A게시판에 남겨주세요! \n▶Q&A 게시판: https://www.toptutor.co.kr/qna/index.jsp\n\n풀이 동영상 강의 무료 제공!\n내신 및 수능 1등급에 꼭 필요한 기출문제 정복 프로젝트!\n기출문제집의 친절하고 자세한 해설에 동영상 강의를 더했다!\n\n00:00 인수분해\n04:43 인수분해 공식(1)\n06:10 인수분해 공식(2)\n07:36 문제풀이\n11:37 복잡한 식의 인수분해(1)\n12:10 문제풀이\n18:40 복잡한 식의 인수분해(2)\n22:00 문제풀이'}",,"['수학', '기출', '수학기출', '우수종', '손광현', '최희남', '마더텅', '입시', '고3', '수리', '기출문제', '대학교', '대학입시', '마더텅출판사', '수능', '수학2', '미적분1', '미적분2', '기하와 벡터', '확률과 통계', '최고난도', '수능기출', '해설강의', '해설', '[마더텅]', '학평', '모평', '수학일타강사', '학력평가', '모의평가', '사관학교', '강산', '최주영', '김유경', '김유진', '조은오', '조은성', '김진희', '이미정', '김태욱', '영어', '영어기출', '김보현', '오현진', '어법어휘', '독해', '문법', '경찰대', '한국사', '물리', '화학', '생물', '정치와 법', '사회문화', '생활과 윤리', '윤리', '국어', '생명과학', '김은희', '고낙기', '김준창', '배준호']",,PT25M59S,2d,hd,false,False,{},rectangular,83,0,0,0
30,youtube#video,bWKWXTSXHFLBHAdaWc91dU4gO6g,OnP_JSKLEsE,2023-01-13T13:00:14Z,UCjBxl6TqfVMKOqNM9512D6g,[고1-1] 마플교과서 수학(상) 174번 인수분해 문제 푸는 법,"[고1-1] 마플교과서 수학(상) 174번 인수분해 문제 푸는 법

#수학 #희진쌤 #수학희진쌤 #math #shorts #고1 #고1수학 #수상 #수학상 #고등수학 #고등수학상 #마플교과서 #인수분해 #곱셈공식","{'default': {'url': 'https://i.ytimg.com/vi/OnP_JSKLEsE/default.jpg', 'width': 120, 'height': 90}, 'medium': {'url': 'https://i.ytimg.com/vi/OnP_JSKLEsE/mqdefault.jpg', 'width': 320, 'height': 180}, 'high': {'url': 'https://i.ytimg.com/vi/OnP_JSKLEsE/hqdefault.jpg', 'width': 480, 'height': 360}, 'standard': {'url': 'https://i.ytimg.com/vi/OnP_JSKLEsE/sddefault.jpg', 'width': 640, 'height': 480}, 'maxres': {'url': 'https://i.ytimg.com/vi/OnP_JSKLEsE/maxresdefault.jpg', 'width': 1280, 'height': 720}}",수학 희진쌤,27,none,"{'title': '[고1-1] 마플교과서 수학(상) 174번 인수분해 문제 푸는 법', 'description': '[고1-1] 마플교과서 수학(상) 174번 인수분해 문제 푸는 법\n\n#수학 #희진쌤 #수학희진쌤 #math #shorts #고1 #고1수학 #수상 #수학상 #고등수학 #고등수학상 #마플교과서 #인수분해 #곱셈공식'}",,"['수학', '희진쌤', '수학희진쌤', '고1', '고1수학', '수상', '수학상', 'math', 'shorts', '고등수학', '고등수학상', '마플교과서', '곱셈공식', '인수분해']",,PT1M,2d,hd,false,True,{},rectangular,122051,,0,153
31,youtube#video,NvVDDHlJkYlB15w0-kMJXYSXy6E,5ZCrHvrlDkQ,2022-06-05T15:23:41Z,UClCODN4NM_hMsKOg86k3CUw,[중3수학] 인수분해를 이용한 이차방정식의 풀이 / #shorts,"중학수학/ 인수분해를 이용하여 이차방정식을 어떻게 푸나요?

#인수분해이차방정식  #이차방정식의풀이  #중학수학","{'default': {'url': 'https://i.ytimg.com/vi/5ZCrHvrlDkQ/default.jpg', 'width': 120, 'height': 90}, 'medium': {'url': 'https://i.ytimg.com/vi/5ZCrHvrlDkQ/mqdefault.jpg', 'width': 320, 'height': 180}, 'high': {'url': 'https://i.ytimg.com/vi/5ZCrHvrlDkQ/hqdefault.jpg', 'width': 480, 'height': 360}, 'standard': {'url': 'https://i.ytimg.com/vi/5ZCrHvrlDkQ/sddefault.jpg', 'width': 640, 'height': 480}, 'maxres': {'url': 'https://i.ytimg.com/vi/5ZCrHvrlDkQ/maxresdefault.jpg', 'width': 1280, 'height': 720}}",해바라기 중학수학,27,none,"{'title': '[중3수학] 인수분해를 이용한 이차방정식의 풀이 / #shorts', 'description': '중학수학/ 인수분해를 이용하여 이차방정식을 어떻게 푸나요?\n\n#인수분해이차방정식  #이차방정식의풀이  #중학수학'}",zxx,"['인수분해이차방정식', '이차방정식']",,PT56S,2d,hd,false,True,{},rectangular,19020,239,0,10
32,youtube#video,S_MswDChfXbMhurVGjta0R0bLwM,YnOk3ypuQRQ,2023-04-27T10:11:05Z,UCPU7lIo7z36PAtXay9xLlNQ,중3수학 인수분해를 이용한 수의계산 08년생 보세요~~내신요약정리 시험치기전 필수 벼락치기 밀양 중학교3학년 #shorts,중3수학 인수분해를 이용한 수의계산 08년생 보세요~~내신요약정리 시험치기전 필수 벼락치기 밀양 중학교3학년 #shorts,"{'default': {'url': 'https://i.ytimg.com/vi/YnOk3ypuQRQ/default.jpg', 'width': 120, 'height': 90}, 'medium': {'url': 'https://i.ytimg.com/vi/YnOk3ypuQRQ/mqdefault.jpg', 'width': 320, 'height': 180}, 'high': {'url': 'https://i.ytimg.com/vi/YnOk3ypuQRQ/hqdefault.jpg', 'width': 480, 'height': 360}, 'standard': {'url': 'https://i.ytimg.com/vi/YnOk3ypuQRQ/sddefault.jpg', 'width': 640, 'height': 480}, 'maxres': {'url': 'https://i.ytimg.com/vi/YnOk3ypuQRQ/maxresdefault.jpg', 'width': 1280, 'height': 720}}","세모문EDU 온라인강의(수학,영어,사자성어)",22,none,"{'title': '중3수학 인수분해를 이용한 수의계산 08년생 보세요~~내신요약정리 시험치기전 필수 벼락치기 밀양 중학교3학년 #shorts', 'description': '중3수학 인수분해를 이용한 수의계산 08년생 보세요~~내신요약정리 시험치기전 필수 벼락치기 밀양 중학교3학년 #shorts'}",,,,PT56S,2d,hd,false,False,{},rectangular,1294,16,0,4
33,youtube#video,viZMUEl3BXF391JAym5t9GPo6-s,9iVQBIbkulk,2021-01-09T12:35:49Z,UCprT2Daoce6GcciqYXOtHfg,인수분해 고난도 01,,"{'default': {'url': 'https://i.ytimg.com/vi/9iVQBIbkulk/default.jpg', 'width': 120, 'height': 90}, 'medium': {'url': 'https://i.ytimg.com/vi/9iVQBIbkulk/mqdefault.jpg', 'width': 320, 'height': 180}, 'high': {'url': 'https://i.ytimg.com/vi/9iVQBIbkulk/hqdefault.jpg', 'width': 480, 'height': 360}}",winner수학,27,none,"{'title': '인수분해 고난도 01', 'description': ''}",,"['winner수학', '정우경']",,PT3M45S,2d,sd,false,False,{},rectangular,215,4,0,0
34,youtube#video,RYNxQGsZzHIciSE_s1fXGL_68Aw,WPzRzyL4LMk,2021-04-18T01:30:01Z,UCMb8ax7Nho9cHp43Ib7rd0g,인수분해 배우는 이유[나의하버드수학시간]_7분이면충분하다_7강,"#인수분해#인수분해왜배워#나의하버드수학시간
중학교 3학년때 처음 배우기 시작하는 인수분해! 이걸 왜 배우는지와 어떻게 하는지를 함께 생각해 보겠습니다!","{'default': {'url': 'https://i.ytimg.com/vi/WPzRzyL4LMk/default.jpg', 'width': 120, 'height': 90}, 'medium': {'url': 'https://i.ytimg.com/vi/WPzRzyL4LMk/mqdefault.jpg', 'width': 320, 'height': 180}, 'high': {'url': 'https://i.ytimg.com/vi/WPzRzyL4LMk/hqdefault.jpg', 'width': 480, 'height': 360}, 'standard': {'url': 'https://i.ytimg.com/vi/WPzRzyL4LMk/sddefault.jpg', 'width': 640, 'height': 480}, 'maxres': {'url': 'https://i.ytimg.com/vi/WPzRzyL4LMk/maxresdefault.jpg', 'width': 1280, 'height': 720}}",21세기파스칼,27,none,"{'title': '인수분해 배우는 이유[나의하버드수학시간]_7분이면충분하다_7강', 'description': '#인수분해#인수분해왜배워#나의하버드수학시간\n중학교 3학년때 처음 배우기 시작하는 인수분해! 이걸 왜 배우는지와 어떻게 하는지를 함께 생각해 보겠습니다!'}",ko,"['나의하버드수학시간', '21세기파스칼', '수학을배우는이유']",,PT7M41S,2d,hd,false,False,{},rectangular,4632,109,0,7
35,youtube#video,5TPaq3ERFtsUWqp8RzWhK92KFQE,_uVUQBwF2ho,2023-03-17T00:47:33Z,UC-dPxRJmwmp4Mt3sQdBF8FQ,색종이를 이용해 인수분해하기,,"{'default': {'url': 'https://i.ytimg.com/vi/_uVUQBwF2ho/default.jpg', 'width': 120, 'height': 90}, 'medium': {'url': 'https://i.ytimg.com/vi/_uVUQBwF2ho/mqdefault.jpg', 'width': 320, 'height': 180}, 'high': {'url': 'https://i.ytimg.com/vi/_uVUQBwF2ho/hqdefault.jpg', 'width': 480, 'height': 360}, 'standard': {'url': 'https://i.ytimg.com/vi/_uVUQBwF2ho/sddefault.jpg', 'width': 640, 'height': 480}, 'maxres': {'url': 'https://i.ytimg.com/vi/_uVUQBwF2ho/maxresdefault.jpg', 'width': 1280, 'height': 720}}",lovechain♡,22,none,"{'title': '색종이를 이용해 인수분해하기', 'description': ''}",,,,PT45S,2d,hd,false,False,{},rectangular,68,8,0,0
36,youtube#video,SgJ6pPWoqjDEut8uI3Fu0k2ex44,sk5oFARltsE,2022-03-21T10:44:45Z,UCm3Qyt10xfUNzVNSPTTB_Cg,인수분해ㅋㅋㅋㅋ,"#카트라이더 #인수분해 #박인수선수_죄송합니다 #shorts
❤유튜브 화/토 업로드!
💜트위치생방송 https://www.twitch.tv/waterpunch1222","{'default': {'url': 'https://i.ytimg.com/vi/sk5oFARltsE/default.jpg', 'width': 120, 'height': 90}, 'medium': {'url': 'https://i.ytimg.com/vi/sk5oFARltsE/mqdefault.jpg', 'width': 320, 'height': 180}, 'high': {'url': 'https://i.ytimg.com/vi/sk5oFARltsE/hqdefault.jpg', 'width': 480, 'height': 360}, 'standard': {'url': 'https://i.ytimg.com/vi/sk5oFARltsE/sddefault.jpg', 'width': 640, 'height': 480}, 'maxres': {'url': 'https://i.ytimg.com/vi/sk5oFARltsE/maxresdefault.jpg', 'width': 1280, 'height': 720}}",물펀치 - 카트라이더,20,none,"{'title': '인수분해ㅋㅋㅋㅋ', 'description': '#카트라이더 #인수분해 #박인수선수_죄송합니다 #shorts\n❤유튜브 화/토 업로드!\n💜트위치생방송 https://www.twitch.tv/waterpunch1222'}",ko,"['카트라이더', '카트', '예능카트라이더', '예능카트', '물펀치', '카트라이더 즐겜', '카트 즐겜', '카트라이더 막자', '카트 막자', '카트 클럽전', '카트 친선전', '카트라이더 클럽전', '카트라이더 친선전', '카트라이더 스피드전', '카트 스피드전', '카트 아이템전', '카트라이더 아이템전', '카러플', '카트라이더 러쉬플러스', '#shorts', '박인수', '인수분해', '팩토리 미완성 5구역']",ko,PT27S,2d,hd,false,False,{},rectangular,654,16,0,5
37,youtube#video,OwWawNaCeFVWjJMKKUYn59kIeZY,j1kKaJc39Pk,2022-06-05T15:48:14Z,UClCODN4NM_hMsKOg86k3CUw,[중3수학] 꼭 대입해야 하나요? / 이차방정식과 인수분해 #shorts,"중학수학/ 한 문제, 다양한 해법에 대하여 알아봅니다.

#이차방정식  #이차방정식의해  #이차방정식인수분해","{'default': {'url': 'https://i.ytimg.com/vi/j1kKaJc39Pk/default.jpg', 'width': 120, 'height': 90}, 'medium': {'url': 'https://i.ytimg.com/vi/j1kKaJc39Pk/mqdefault.jpg', 'width': 320, 'height': 180}, 'high': {'url': 'https://i.ytimg.com/vi/j1kKaJc39Pk/hqdefault.jpg', 'width': 480, 'height': 360}, 'standard': {'url': 'https://i.ytimg.com/vi/j1kKaJc39Pk/sddefault.jpg', 'width': 640, 'height': 480}, 'maxres': {'url': 'https://i.ytimg.com/vi/j1kKaJc39Pk/maxresdefault.jpg', 'width': 1280, 'height': 720}}",해바라기 중학수학,27,none,"{'title': '[중3수학] 꼭 대입해야 하나요? / 이차방정식과 인수분해 #shorts', 'description': '중학수학/ 한 문제, 다양한 해법에 대하여 알아봅니다.\n\n#이차방정식  #이차방정식의해  #이차방정식인수분해'}",zxx,"['이차방정식인수분해', '이차방정식', '이차방정식의해가주어졌을때', '중3수학', '중학수학']",,PT1M,2d,hd,false,True,{},rectangular,9367,149,0,4
38,youtube#video,U2YtPrvRuIbvZ_znWHrkHtrRsvI,2KsMHVLiXsU,2022-02-09T17:10:02Z,UClCODN4NM_hMsKOg86k3CUw,[중3수학] 공통인수를 이용한 인수분해 / 공통인수 구하기 문제 풀이,"중학수학/ 인수분해의 시작은 공통인수로 묶어주기입니다. 

#공통인수  #인수분해  #중3수학","{'default': {'url': 'https://i.ytimg.com/vi/2KsMHVLiXsU/default.jpg', 'width': 120, 'height': 90}, 'medium': {'url': 'https://i.ytimg.com/vi/2KsMHVLiXsU/mqdefault.jpg', 'width': 320, 'height': 180}, 'high': {'url': 'https://i.ytimg.com/vi/2KsMHVLiXsU/hqdefault.jpg', 'width': 480, 'height': 360}, 'standard': {'url': 'https://i.ytimg.com/vi/2KsMHVLiXsU/sddefault.jpg', 'width': 640, 'height': 480}, 'maxres': {'url': 'https://i.ytimg.com/vi/2KsMHVLiXsU/maxresdefault.jpg', 'width': 1280, 'height': 720}}",해바라기 중학수학,27,none,"{'title': '[중3수학] 공통인수를 이용한 인수분해 / 공통인수 구하기 문제 풀이', 'description': '중학수학/ 인수분해의 시작은 공통인수로 묶어주기입니다. \n\n#공통인수  #인수분해  #중3수학'}",zxx,"['중3공통인수', '공통인수구하기', '공통인수', '인수분해', '중학수학', '중등수학', '수학교사']",,PT6M49S,2d,hd,false,True,{},rectangular,2787,39,0,7
39,youtube#video,Ja4KOWKvIU-juHrYFkD5sWjulH8,45DOqCUYze0,2021-03-28T06:04:10Z,UCzRwVpnsQHaf3u_GGVmsXJA,큰 숫자 인수분해 쉽게 하는법,"#인수분해#올인수학tv#1학기커리큘럼
[개념원리 중학수학1-1]
https://youtube.com/playlist?list=PL9F4WSLHLeAP0Z2YUHqMD5x0RlGM1Ym6L
[개념원리 중학수학2-1]
https://youtube.com/playlist?list=PL9F4WSLHLeAOAS_iNVmPaiyZogjXZrrJ9
[개념원리 중학수학3-1]
https://youtube.com/playlist?list=PL9F4WSLHLeAMcYlBOjpYaGgRoH4Mm9ZwD
[개념원리 RPM 중학수학 1-1]
https://youtube.com/playlist?list=PL9F4WSLHLeAMfYW3aiq2Ns-yl07zheKKW
[개념원리 RPM 중학수학 2-1]
https://youtube.com/playlist?list=PL9F4WSLHLeAPqHnlP2v2AhirrbwnlXVPH
[개념원리 RPM 중학수학 3-1]
https://youtube.com/playlist?list=PL9F4WSLHLeAO5tNV1dbRp2MV1x4WQ99bJ
[특강] 중등 함수의 모든것
https://youtube.com/playlist?list=PL9F4WSLHLeAOdzF2rPy6L7QSLOFOZdapi","{'default': {'url': 'https://i.ytimg.com/vi/45DOqCUYze0/default.jpg', 'width': 120, 'height': 90}, 'medium': {'url': 'https://i.ytimg.com/vi/45DOqCUYze0/mqdefault.jpg', 'width': 320, 'height': 180}, 'high': {'url': 'https://i.ytimg.com/vi/45DOqCUYze0/hqdefault.jpg', 'width': 480, 'height': 360}, 'standard': {'url': 'https://i.ytimg.com/vi/45DOqCUYze0/sddefault.jpg', 'width': 640, 'height': 480}, 'maxres': {'url': 'https://i.ytimg.com/vi/45DOqCUYze0/maxresdefault.jpg', 'width': 1280, 'height': 720}}",올인수학tv,27,none,"{'title': '큰 숫자 인수분해 쉽게 하는법', 'description': '#인수분해#올인수학tv#1학기커리큘럼\n[개념원리 중학수학1-1]\nhttps://youtube.com/playlist?list=PL9F4WSLHLeAP0Z2YUHqMD5x0RlGM1Ym6L\n[개념원리 중학수학2-1]\nhttps://youtube.com/playlist?list=PL9F4WSLHLeAOAS_iNVmPaiyZogjXZrrJ9\n[개념원리 중학수학3-1]\nhttps://youtube.com/playlist?list=PL9F4WSLHLeAMcYlBOjpYaGgRoH4Mm9ZwD\n[개념원리 RPM 중학수학 1-1]\nhttps://youtube.com/playlist?list=PL9F4WSLHLeAMfYW3aiq2Ns-yl07zheKKW\n[개념원리 RPM 중학수학 2-1]\nhttps://youtube.com/playlist?list=PL9F4WSLHLeAPqHnlP2v2AhirrbwnlXVPH\n[개념원리 RPM 중학수학 3-1]\nhttps://youtube.com/playlist?list=PL9F4WSLHLeAO5tNV1dbRp2MV1x4WQ99bJ\n[특강] 중등 함수의 모든것\nhttps://youtube.com/playlist?list=PL9F4WSLHLeAOdzF2rPy6L7QSLOFOZdapi'}",,['수학무료인강'],,PT6M27S,2d,hd,false,True,{},rectangular,1815,30,0,5
40,youtube#video,Yw5IRXWALMEVhTuw_asfGM60biw,NjQaKr2o9aY,2022-07-28T09:23:26Z,UCpxxDK9onpxDbj4XkFenM5Q,인수분해 연습 (중학수학),중학수학 강의 : 쉬운 설명 / 간단한 예시 / 원리 이해,"{'default': {'url': 'https://i.ytimg.com/vi/NjQaKr2o9aY/default.jpg', 'width': 120, 'height': 90}, 'medium': {'url': 'https://i.ytimg.com/vi/NjQaKr2o9aY/mqdefault.jpg', 'width': 320, 'height': 180}, 'high': {'url': 'https://i.ytimg.com/vi/NjQaKr2o9aY/hqdefault.jpg', 'width': 480, 'height': 360}, 'standard': {'url': 'https://i.ytimg.com/vi/NjQaKr2o9aY/sddefault.jpg', 'width': 640, 'height': 480}, 'maxres': {'url': 'https://i.ytimg.com/vi/NjQaKr2o9aY/maxresdefault.jpg', 'width': 1280, 'height': 720}}",청개구리유여사,27,none,"{'title': '인수분해 연습 (중학수학)', 'description': '중학수학 강의 : 쉬운 설명 / 간단한 예시 / 원리 이해'}",ko,"['중등수학 강의', '중등수학 특강', '중등수학 인강', '인수분해 쉽게 하는법', '인수분해 중3']",,PT16M6S,2d,hd,false,True,{},rectangular,3846,72,0,7
41,youtube#video,p3LmD5FB6S8XbFLA-Hx_LzHykP8,n_Sr9_8WYBI,2020-03-31T14:11:07Z,UCnJ-GLzfJdWjs04eQoxfY7g,조조쌤 중3 수학 인수분해활용! 다음수를 나누어떨어지게하는 두자리 자연수는 무엇일까요?,조조쌤 중3 수학 인수분해활용! 다음수를 나누어떨어지게하는 두자리 자연수는 무엇일까요?,"{'default': {'url': 'https://i.ytimg.com/vi/n_Sr9_8WYBI/default.jpg', 'width': 120, 'height': 90}, 'medium': {'url': 'https://i.ytimg.com/vi/n_Sr9_8WYBI/mqdefault.jpg', 'width': 320, 'height': 180}, 'high': {'url': 'https://i.ytimg.com/vi/n_Sr9_8WYBI/hqdefault.jpg', 'width': 480, 'height': 360}, 'standard': {'url': 'https://i.ytimg.com/vi/n_Sr9_8WYBI/sddefault.jpg', 'width': 640, 'height': 480}, 'maxres': {'url': 'https://i.ytimg.com/vi/n_Sr9_8WYBI/maxresdefault.jpg', 'width': 1280, 'height': 720}}",조조쌤수학,27,none,"{'title': '조조쌤 중3 수학 인수분해활용! 다음수를 나누어떨어지게하는 두자리 자연수는 무엇일까요?', 'description': '조조쌤 중3 수학 인수분해활용! 다음수를 나누어떨어지게하는 두자리 자연수는 무엇일까요?'}",,,,PT10M33S,2d,hd,false,True,{},rectangular,3240,60,0,17
42,youtube#video,XtY5zq4MXNMfNV1i867JbvMoero,LmzLq2DZj1E,2023-04-03T03:15:41Z,UCY2x155Pr5-UUgRp0mFDuqA,인수분해해서 삼각형 모양 판단하기 #고1수학 #인수분해 #factorization #여러문자인수분해,"여러 개의 문자가 포함된 식의 인수분해를 이용해서 삼각형의 모양을 판단하는 문제입니닷

#고1수학
#인수분해
#삼각형판단
#factorization","{'default': {'url': 'https://i.ytimg.com/vi/LmzLq2DZj1E/default.jpg', 'width': 120, 'height': 90}, 'medium': {'url': 'https://i.ytimg.com/vi/LmzLq2DZj1E/mqdefault.jpg', 'width': 320, 'height': 180}, 'high': {'url': 'https://i.ytimg.com/vi/LmzLq2DZj1E/hqdefault.jpg', 'width': 480, 'height': 360}, 'standard': {'url': 'https://i.ytimg.com/vi/LmzLq2DZj1E/sddefault.jpg', 'width': 640, 'height': 480}, 'maxres': {'url': 'https://i.ytimg.com/vi/LmzLq2DZj1E/maxresdefault.jpg', 'width': 1280, 'height': 720}}",지니Go 수학,27,none,"{'title': '인수분해해서 삼각형 모양 판단하기 #고1수학 #인수분해 #factorization #여러문자인수분해', 'description': '여러 개의 문자가 포함된 식의 인수분해를 이용해서 삼각형의 모양을 판단하는 문제입니닷\n\n#고1수학\n#인수분해\n#삼각형판단\n#factorization'}",,,,PT55S,2d,hd,false,False,{},rectangular,107,5,0,1
43,youtube#video,TBOBikXK2lV4UOCRAZl6Nj5Eexg,UUgH17z_gpI,2022-02-18T05:14:10Z,UClCODN4NM_hMsKOg86k3CUw,[중3] 이차식이 인수분해가 되는 조건  #shorts,"중학수학/ 이차항의 계수가 1인 이차식이 인수분해가 되기 위한 조건을 확인해봅시다!

#인수분해  #중3수학  #인수분해공식","{'default': {'url': 'https://i.ytimg.com/vi/UUgH17z_gpI/default.jpg', 'width': 120, 'height': 90}, 'medium': {'url': 'https://i.ytimg.com/vi/UUgH17z_gpI/mqdefault.jpg', 'width': 320, 'height': 180}, 'high': {'url': 'https://i.ytimg.com/vi/UUgH17z_gpI/hqdefault.jpg', 'width': 480, 'height': 360}, 'standard': {'url': 'https://i.ytimg.com/vi/UUgH17z_gpI/sddefault.jpg', 'width': 640, 'height': 480}, 'maxres': {'url': 'https://i.ytimg.com/vi/UUgH17z_gpI/maxresdefault.jpg', 'width': 1280, 'height': 720}}",해바라기 중학수학,27,none,"{'title': '[중3] 이차식이 인수분해가 되는 조건  #shorts', 'description': '중학수학/ 이차항의 계수가 1인 이차식이 인수분해가 되기 위한 조건을 확인해봅시다!\n\n#인수분해  #중3수학  #인수분해공식'}",zxx,"['이차식인수분해', '인수분해공식', '중3인수분해', '중3수학', '수학shrots', '중학수학']",,PT1M,2d,hd,false,True,{},rectangular,10348,137,0,2
44,youtube#video,iFBtkyffiyIxL34dcczqBqktX_s,w4KHHUEG0_4,2023-03-29T10:10:03Z,UCjreMNnNql9QudW5iPb9yuA,[동원수학] 실력정석 수학 (상) 2강 인수분해 연습문제 5-7번 풀이,,"{'default': {'url': 'https://i.ytimg.com/vi/w4KHHUEG0_4/default.jpg', 'width': 120, 'height': 90}, 'medium': {'url': 'https://i.ytimg.com/vi/w4KHHUEG0_4/mqdefault.jpg', 'width': 320, 'height': 180}, 'high': {'url': 'https://i.ytimg.com/vi/w4KHHUEG0_4/hqdefault.jpg', 'width': 480, 'height': 360}, 'standard': {'url': 'https://i.ytimg.com/vi/w4KHHUEG0_4/sddefault.jpg', 'width': 640, 'height': 480}, 'maxres': {'url': 'https://i.ytimg.com/vi/w4KHHUEG0_4/maxresdefault.jpg', 'width': 1280, 'height': 720}}",수학맛집[동원수학전문학원],27,none,"{'title': '[동원수학] 실력정석 수학 (상) 2강 인수분해 연습문제 5-7번 풀이', 'description': ''}",,"['수학', '울산', '옥동', '실력정석', '경시', '과학고', '내신대비', '현우진', '메가스터디', '대성', '맛집', '정석', '옥동수학', '아이패드', '갤럭시탭', '동원수학', '심화', '심화수학', '고급수학', '수학강의', '모의고사', '3월', '교육청', '수능']",,PT8M47S,2d,hd,false,False,{},rectangular,108,5,0,0
45,youtube#video,x8HEJWhDN47YqiCAScitkXlx048,VRWbREXGI5Y,2020-05-07T15:18:15Z,UCnbw8nxw72tLruV278hw0Ig,"인수분해, 무엇을 왜 하는 거지? 딱 한번만 보면 되는 동영상.","인수분해, 딱 한번만 보면 되는 설명! 무엇을 왜 하는 거지?","{'default': {'url': 'https://i.ytimg.com/vi/VRWbREXGI5Y/default.jpg', 'width': 120, 'height': 90}, 'medium': {'url': 'https://i.ytimg.com/vi/VRWbREXGI5Y/mqdefault.jpg', 'width': 320, 'height': 180}, 'high': {'url': 'https://i.ytimg.com/vi/VRWbREXGI5Y/hqdefault.jpg', 'width': 480, 'height': 360}, 'standard': {'url': 'https://i.ytimg.com/vi/VRWbREXGI5Y/sddefault.jpg', 'width': 640, 'height': 480}, 'maxres': {'url': 'https://i.ytimg.com/vi/VRWbREXGI5Y/maxresdefault.jpg', 'width': 1280, 'height': 720}}",파깨비TV,22,none,"{'title': '인수분해, 무엇을 왜 하는 거지? 딱 한번만 보면 되는 동영상.', 'description': '인수분해, 딱 한번만 보면 되는 설명! 무엇을 왜 하는 거지?'}",,"['수학', '인수분해', '인수분해의 이해', '파깨비TV']",,PT9M2S,2d,hd,false,True,{},rectangular,3920,96,0,6
46,youtube#video,3pfW4Vuw0Wf8yG7mYJlQCP68v2M,GkbGo1Y-4oI,2020-01-29T00:00:04Z,UCCq9w9rG51vZxWPxLNB04mQ,[EBS 수학의 답] 다항식의 인수분해 - 6. 인수분해공식(4),"중학 수학은 어렵고 답답하다? 그 고민, EBS 수학의 답으로 시~원하게 타파! 
① 중학 수학의 기본 개념, 빈출 유형, 증명의 해답! 
② 수학을 잘하고 싶은 모든 학생들에게 최고의 샘들이 ‘콕 짚어주는’ 성적 향상의 절대 비법! ③ 짧다! 꼭 필요한 것만 있다! EBS 수학 족집게 짤강 
④ 필요할 때 찾아보고! 한꺼번에 몰아보고! EBS 수학의 답으로 수학 실력 완성! 
자신있습니다! 안 보면 나만 손해! 지금 바로 클릭★


더 많은 ★수학의 답★이 궁금하다면? ▶ http://bit.ly/2m390sK
EBS 중학과 함께 언제 어디서나 열공! ▶ https://mid.ebs.co.kr/
EBS 교재로 내 공부실력을 UP↑ UP↑ ▶ http://bit.ly/2m432rz

#손석민 #수학잘하는법 #수학_고민_해결책_EBS_수학의답","{'default': {'url': 'https://i.ytimg.com/vi/GkbGo1Y-4oI/default.jpg', 'width': 120, 'height': 90}, 'medium': {'url': 'https://i.ytimg.com/vi/GkbGo1Y-4oI/mqdefault.jpg', 'width': 320, 'height': 180}, 'high': {'url': 'https://i.ytimg.com/vi/GkbGo1Y-4oI/hqdefault.jpg', 'width': 480, 'height': 360}, 'standard': {'url': 'https://i.ytimg.com/vi/GkbGo1Y-4oI/sddefault.jpg', 'width': 640, 'height': 480}, 'maxres': {'url': 'https://i.ytimg.com/vi/GkbGo1Y-4oI/maxresdefault.jpg', 'width': 1280, 'height': 720}}",EBS Learning,27,none,"{'title': '[EBS 수학의 답] 다항식의 인수분해 - 6. 인수분해공식(4)', 'description': '중학 수학은 어렵고 답답하다? 그 고민, EBS 수학의 답으로 시~원하게 타파! \n① 중학 수학의 기본 개념, 빈출 유형, 증명의 해답! \n② 수학을 잘하고 싶은 모든 학생들에게 최고의 샘들이 ‘콕 짚어주는’ 성적 향상의 절대 비법! ③ 짧다! 꼭 필요한 것만 있다! EBS 수학 족집게 짤강 \n④ 필요할 때 찾아보고! 한꺼번에 몰아보고! EBS 수학의 답으로 수학 실력 완성! \n자신있습니다! 안 보면 나만 손해! 지금 바로 클릭★\n\n\n더 많은 ★수학의 답★이 궁금하다면? ▶ http://bit.ly/2m390sK\nEBS 중학과 함께 언제 어디서나 열공! ▶ https://mid.ebs.co.kr/\nEBS 교재로 내 공부실력을 UP↑ UP↑ ▶ http://bit.ly/2m432rz\n\n#손석민 #수학잘하는법 #수학_고민_해결책_EBS_수학의답'}",ko,"['EBS', 'EBS learning', 'EBS 교육', '수능', '시험', '수학의답', '중학수학', '이지연', '손석민', '짤강', '수학공부법', '수학잘하는법', '내신완성', '중간고사', '기말고사', '수학개념', '개념정리', '빈출유형', '유형정리', '수답중3', '454']",,PT9M24S,2d,hd,false,True,{},rectangular,17182,201,0,12
47,youtube#video,RxHZIvy1-xsjZSQJl_a1GTuC8mI,PoAqqXDbUiA,2023-04-05T04:58:59Z,UCo0mOi5S0gNGWfpMnJGa6YQ,"[x의 n제곱-1, 인수분해] #shorts #수요쇼츠 #고1중간고사 #카이켄수학 #하고로모 #분필",,"{'default': {'url': 'https://i.ytimg.com/vi/PoAqqXDbUiA/default.jpg', 'width': 120, 'height': 90}, 'medium': {'url': 'https://i.ytimg.com/vi/PoAqqXDbUiA/mqdefault.jpg', 'width': 320, 'height': 180}, 'high': {'url': 'https://i.ytimg.com/vi/PoAqqXDbUiA/hqdefault.jpg', 'width': 480, 'height': 360}, 'standard': {'url': 'https://i.ytimg.com/vi/PoAqqXDbUiA/sddefault.jpg', 'width': 640, 'height': 480}, 'maxres': {'url': 'https://i.ytimg.com/vi/PoAqqXDbUiA/maxresdefault.jpg', 'width': 1280, 'height': 720}}",카이켄 수학 (KAIKEN MATH) ,22,none,"{'title': '[x의 n제곱-1, 인수분해] #shorts #수요쇼츠 #고1중간고사 #카이켄수학 #하고로모 #분필', 'description': ''}",ko,,,PT15S,2d,hd,false,False,{},rectangular,903,8,0,0
48,youtube#video,JJXi-APFj9HdpU9rZ6kenNmfFJQ,4BjR0bqDL3E,2016-04-06T06:20:26Z,UClrSKQiYNB0vXK8f6ghSZfA,3학년 10차시 인수분해공식1,,"{'default': {'url': 'https://i.ytimg.com/vi/4BjR0bqDL3E/default.jpg', 'width': 120, 'height': 90}, 'medium': {'url': 'https://i.ytimg.com/vi/4BjR0bqDL3E/mqdefault.jpg', 'width': 320, 'height': 180}, 'high': {'url': 'https://i.ytimg.com/vi/4BjR0bqDL3E/hqdefault.jpg', 'width': 480, 'height': 360}, 'standard': {'url': 'https://i.ytimg.com/vi/4BjR0bqDL3E/sddefault.jpg', 'width': 640, 'height': 480}, 'maxres': {'url': 'https://i.ytimg.com/vi/4BjR0bqDL3E/maxresdefault.jpg', 'width': 1280, 'height': 720}}",10분수학,22,none,"{'title': '3학년 10차시 인수분해공식1', 'description': ''}",,['인수분해'],,PT7M25S,2d,hd,false,True,{},rectangular,14286,167,0,17
49,youtube#video,jueXk365Zem7CgvFghqLIGV8bTU,n6mBgtREB1o,2021-02-10T03:22:30Z,UCn4tmZvFrmQrxqhLMhNsAjg,이것만 알면 고등 인수분해  마스터. 인수분해 생각법. 완벽 정리!,"고등 인수분해 생각법 7가지 완벽분석
이것만 알면 고등 인수분해 다 조빱이쥬~
사실 조빱은 아니고 노력좀 해야됨.. 
새해복 많이 받으세요~","{'default': {'url': 'https://i.ytimg.com/vi/n6mBgtREB1o/default.jpg', 'width': 120, 'height': 90}, 'medium': {'url': 'https://i.ytimg.com/vi/n6mBgtREB1o/mqdefault.jpg', 'width': 320, 'height': 180}, 'high': {'url': 'https://i.ytimg.com/vi/n6mBgtREB1o/hqdefault.jpg', 'width': 480, 'height': 360}, 'standard': {'url': 'https://i.ytimg.com/vi/n6mBgtREB1o/sddefault.jpg', 'width': 640, 'height': 480}, 'maxres': {'url': 'https://i.ytimg.com/vi/n6mBgtREB1o/maxresdefault.jpg', 'width': 1280, 'height': 720}}",박현수학[초딩도 이해하는 고등수학],27,none,"{'title': '이것만 알면 고등 인수분해  마스터. 인수분해 생각법. 완벽 정리!', 'description': '고등 인수분해 생각법 7가지 완벽분석\n이것만 알면 고등 인수분해 다 조빱이쥬~\n사실 조빱은 아니고 노력좀 해야됨.. \n새해복 많이 받으세요~'}",ko,"['대치동수학', '박현수', '인수분해', '인수분해생각법', '인수분해하는법', '현우진', '정승제']",,PT23M23S,2d,hd,false,False,{},rectangular,1320,34,0,5
